"Mês Ano";"Órgão Superior";"Órgão/Entidade Vinculada";"Unidade Gestora";"Área de atuação (Função)";"Programa de Governo";"Valor Empenhado";"Valor Liquidado";"Valor Pago";"Valor Restos a Pagar Pagos";
"08/2019";"36000 - Ministério da Saúde";"36000 - Ministério da Saúde - Unidades com vínculo direto";"250013 - NUCLEO ESTADUAL DO MS/AL";"10 - Saúde";"00 - NAO ATRIBUIDO";"0,00";"16.190,43";"16.190,43";"0,00";
"08/2019";"36000 - Ministério da Saúde";"36000 - Ministério da Saúde - Unidades com vínculo direto";"250029 - NUCLEO ESTADUAL DO MS/PE";"10 - Saúde";"00 - NAO ATRIBUIDO";"0,00";"42.364,37";"53.250,32";"0,00";
"08/2019";"81000 - Ministério da Mulher, Família e Direitos Humanos";"81000 - Ministério da Mulher, Família e Direitos Humanos - Unidades com vínculo direto";"810009 - SEC.NAC. DE PROM. E DEF.DOS DIR.DA PESS.IDOSA";"14 - Direitos da cidadania";"00 - NAO ATRIBUIDO";"298.476,60";"0,00";"0,00";"0,00";
"08/2019";"36000 - Ministério da Saúde";"36000 - Ministério da Saúde - Unidades com vínculo direto";"250016 - NUCLEO ESTADUAL DO MS/BA";"10 - Saúde";"00 - NAO ATRIBUIDO";"0,00";"62.257,00";"55.875,05";"0,00";
"08/2019";"36000 - Ministério da Saúde";"36000 - Ministério da Saúde - Unidades com vínculo direto";"250015 - NUCLEO ESTADUAL DO MS/AM";"10 - Saúde";"00 - NAO ATRIBUIDO";"0,00";"6.371,29";"6.371,29";"0,00";
"08/2019";"52000 - Ministério da Defesa";"52121 - Comando do Exército";"160101 - 23 COMPANHIA DE ENGENHARIA DE COMBATE";"26 - Transporte";"00 - NAO ATRIBUIDO";"0,00";"0,00";"13.846,70";"0,00";
"08/2019";"36000 - Ministério da Saúde";"36000 - Ministério da Saúde - Unidades com vínculo direto";"250038 - NUCLEO ESTADUAL DO MS/SE";"10 - Saúde";"00 - NAO ATRIBUIDO";"30.000,00";"30.702,07";"26.750,23";"0,00";
"08/2019";"36000 - Ministério da Saúde";"36000 - Ministério da Saúde - Unidades com vínculo direto";"250104 - HOSPITAL FEDERAL CARDOSO FONTES";"10 - Saúde";"00 - NAO ATRIBUIDO";"4.578,58";"4.578,58";"4.578,58";"0,00";
"08/2019";"52000 - Ministério da Defesa";"52121 - Comando do Exército";"160443 - 63 BATALHAO DE INFANTARIA";"12 - Educação";"00 - NAO ATRIBUIDO";"6.145,44";"0,00";"0,00";"0,00";
"08/2019";"36000 - Ministério da Saúde";"36000 - Ministério da Saúde - Unidades com vínculo direto";"250017 - NUCLEO ESTADUAL DO MS/CE";"10 - Saúde";"00 - NAO ATRIBUIDO";"0,00";"20.927,51";"20.927,51";"0,00";
"08/2019";"52000 - Ministério da Defesa";"52121 - Comando do Exército";"160156 - 44 BATALHAO DE INFANTARIA MOTORIZADO";"12 - Educação";"00 - NAO ATRIBUIDO";"79.993,59";"11.071,50";"0,00";"0,00";
"08/2019";"36000 - Ministério da Saúde";"36000 - Ministério da Saúde - Unidades com vínculo direto";"250042 - HOSPITAL FEDERAL DE BONSUCESSO";"10 - Saúde";"00 - NAO ATRIBUIDO";"16.233,42";"12.303,03";"8.555,18";"0,00";
"08/2019";"52000 - Ministério da Defesa";"52000 - Ministério da Defesa - Unidades com vínculo direto";"110404 - DEPARTAMENTO DE ADMINISTRACAO INTERNA-MD";"09 - Previdência social";"00 - NAO ATRIBUIDO";"0,00";"1.271.631,05";"1.281.417,36";"0,00";
"08/2019";"52000 - Ministério da Defesa";"52121 - Comando do Exército";"160165 - 8. DEPOSITO DE SUPRIMENTO";"12 - Educação";"00 - NAO ATRIBUIDO";"9.831,28";"0,00";"0,00";"0,00";
"08/2019";"30000 - Ministério da Justiça e Segurança Pública";"30000 - Ministério da Justiça e Segurança Pública - Unidades com vínculo direto";"200006 - COORDENACAO-GERAL DE GESTÃO DE PESSOAS-CGGP";"28 - Encargos especiais";"00 - NAO ATRIBUIDO";"0,00";"2.738,78";"2.738,78";"0,00";
"08/2019";"52000 - Ministério da Defesa";"52121 - Comando do Exército";"160254 - 1 BATALHAO DE INFANTARIA MOTORIZADO (ES)";"12 - Educação";"00 - NAO ATRIBUIDO";"4.674,78";"0,00";"0,00";"0,00";
"08/2019";"52000 - Ministério da Defesa";"52121 - Comando do Exército";"160173 - 31º BATALHÃO DE INFANTARIA MOTORIZADO";"12 - Educação";"00 - NAO ATRIBUIDO";"14.151,99";"0,00";"0,00";"0,00";
"08/2019";"25000 - Ministério da Economia";"25000 - Ministério da Economia - Unidades com vínculo direto";"201057 - CENTRAL DE COMPRAS E CONTRATACOES - CENTRAL";"12 - Educação";"00 - NAO ATRIBUIDO";"0,00";"14.608,00";"14.608,00";"0,00";
"08/2019";"36000 - Ministério da Saúde";"36000 - Ministério da Saúde - Unidades com vínculo direto";"250033 - NUCLEO ESTADUAL DO MS/RS";"10 - Saúde";"00 - NAO ATRIBUIDO";"0,00";"61.347,51";"36.768,08";"0,00";
"08/2019";"25000 - Ministério da Economia";"20202 - Fundação Escola Nacional de Administração Pública";"114702 - FUNDACAO ESCOLA NACIONAL DE ADM. PUBLICA";"01 - Legislativa";"00 - NAO ATRIBUIDO";"0,00";"31.724,94";"31.724,94";"0,00";
"08/2019";"36000 - Ministério da Saúde";"36000 - Ministério da Saúde - Unidades com vínculo direto";"250037 - NUCLEO ESTADUAL DO MS-SP";"10 - Saúde";"00 - NAO ATRIBUIDO";"0,00";"67.899,33";"54.025,07";"0,00";
"08/2019";"52000 - Ministério da Defesa";"52121 - Comando do Exército";"160198 - 7.DEPOSITO DE SUPRIMENTO";"12 - Educação";"00 - NAO ATRIBUIDO";"21.695,95";"0,00";"0,00";"0,00";
"08/2019";"36000 - Ministério da Saúde";"36000 - Ministério da Saúde - Unidades com vínculo direto";"250031 - NUCLEO ESTADUAL DO MS/RJ";"10 - Saúde";"00 - NAO ATRIBUIDO";"0,00";"278.286,16";"292.108,52";"0,00";
"08/2019";"52000 - Ministério da Defesa";"52121 - Comando do Exército";"160454 - 28 BATALHAO DE CACADORES";"12 - Educação";"00 - NAO ATRIBUIDO";"8.975,12";"0,00";"0,00";"0,00";
"08/2019";"55000 - Ministério da Cidadania";"55000 - Ministério da Cidadania - Unidades com vínculo direto";"420006 - SECRETARIA DO AUDIOVISUAL/MINC";"13 - Cultura";"00 - NAO ATRIBUIDO";"278.586,90";"0,00";"0,00";"0,00";
"08/2019";"52000 - Ministério da Defesa";"52121 - Comando do Exército";"160027 - 4º BATALHÃO DE ENGENHARIA DE CONSTRUÇÃO";"12 - Educação";"00 - NAO ATRIBUIDO";"117.791,84";"0,00";"0,00";"0,00";
"08/2019";"52000 - Ministério da Defesa";"52121 - Comando do Exército";"160004 - 59  BATALHAO DE INFANTARIA MOTORIZADO";"12 - Educação";"00 - NAO ATRIBUIDO";"17.551,89";"0,00";"0,00";"0,00";
"08/2019";"22000 - Ministério da Agricultura, Pecuária e Abastecimento";"22000 - Ministério da Agricultura, Pecuária e Abastecimento - Unidades com vínculo direto";"130234 - SECRETARIA DE AGRIC. FAM.E COOPERATIVIS/CEF";"21 - Organização agrária";"00 - NAO ATRIBUIDO";"0,00";"0,00";"0,00";"0,00";
"08/2019";"36000 - Ministério da Saúde";"36000 - Ministério da Saúde - Unidades com vínculo direto";"250030 - NUCLEO ESTADUAL DO MS/PI";"10 - Saúde";"00 - NAO ATRIBUIDO";"0,00";"26.952,38";"26.952,38";"0,00";
"08/2019";"52000 - Ministério da Defesa";"52121 - Comando do Exército";"160411 - 7 BATALHAO DE INFANTARIA BLINDADO";"12 - Educação";"00 - NAO ATRIBUIDO";"4.500,00";"0,00";"0,00";"0,00";
"08/2019";"25000 - Ministério da Economia";"25915 - Fundo Constitucional do Distrito Federal";"170484 - FCDF-PMDF-DEPARTAMENTO DE GESTÃO DE PESSOAL";"04 - Administração";"00 - NAO ATRIBUIDO";"37.668.069,15";"37.652.156,50";"37.951.017,04";"0,00";
"08/2019";"20000 - Presidência da República";"20116 - Fundo de Imprensa Nacional";"110245 - FUNDO DE IMPRENSA NACIONAL/EXEC.ORC.FINANC.";"04 - Administração";"00 - NAO ATRIBUIDO";"0,00";"3.523,61";"3.523,61";"0,00";
"08/2019";"52000 - Ministério da Defesa";"52000 - Ministério da Defesa - Unidades com vínculo direto";"110402 - ESCOLA SUPERIOR DE GUERRA";"05 - Defesa nacional";"00 - NAO ATRIBUIDO";"8.887,05";"8.887,05";"8.887,05";"0,00";
"08/2019";"24000 - Ministério da Ciência, Tecnologia, Inovações e Comunicações";"24000 - Ministério da Ciência, Tecnologia, Inovações e Comunicações - Unidades com vínculo direto";"240101 - COORDENACAO-GERAL DE RECURSOS LOGISTICOS";"19 - Ciência e Tecnologia";"00 - NAO ATRIBUIDO";"0,00";"0,00";"0,00";"101.319,34";
"08/2019";"26000 - Ministério da Educação";"26274 - Fundação Universidade Federal de Uberlândia ";"154043 - FUNDACAO UNIVERSIDADE FEDERAL DE UBERLANDIA";"12 - Educação";"00 - NAO ATRIBUIDO";"1.902,10";"1.902,10";"0,00";"0,00";
"08/2019";"26000 - Ministério da Educação";"26242 - Universidade Federal de Pernambuco ";"153094 - HOSPITAL DAS CLINICAS - UFPE";"10 - Saúde";"00 - NAO ATRIBUIDO";"0,00";"0,00";"0,00";"572,00";
"08/2019";"52000 - Ministério da Defesa";"52121 - Comando do Exército";"160204 - 25º BATALHÃO DE CAÇADORES";"12 - Educação";"00 - NAO ATRIBUIDO";"9.245,15";"0,00";"0,00";"0,00";
"08/2019";"39000 - Ministério da Infraestrutura";"39000 - Ministério da Infraestrutura - Unidades com vínculo direto";"390007 - COORDENACAO-GERAL DE GESTAO DE PESSOAS";"28 - Encargos especiais";"00 - NAO ATRIBUIDO";"0,00";"706.849,31";"658.784,06";"0,00";
"08/2019";"52000 - Ministério da Defesa";"52121 - Comando do Exército";"160067 - DEPARTAMENTO DE ENGENHARIA E CONSTRUCAO";"02 - Judiciária";"00 - NAO ATRIBUIDO";"0,00";"0,00";"0,00";"236.349,79";
"08/2019";"81000 - Ministério da Mulher, Família e Direitos Humanos";"81000 - Ministério da Mulher, Família e Direitos Humanos - Unidades com vínculo direto";"810006 - SECRETARIA NACIONAL DE PROTECAO GLOBAL";"28 - Encargos especiais";"00 - NAO ATRIBUIDO";"0,00";"6.000,00";"6.000,00";"0,00";
"08/2019";"81000 - Ministério da Mulher, Família e Direitos Humanos";"81000 - Ministério da Mulher, Família e Direitos Humanos - Unidades com vínculo direto";"810004 - COORDENACAO-GERAL DE GESTAO DE PESSOAS - MDH";"09 - Previdência social";"00 - NAO ATRIBUIDO";"0,00";"5.798,65";"5.798,65";"0,00";
"08/2019";"52000 - Ministério da Defesa";"52000 - Ministério da Defesa - Unidades com vínculo direto";"112408 - HOSPITAL DAS FORCAS ARMADAS";"09 - Previdência social";"00 - NAO ATRIBUIDO";"0,00";"2.637.759,00";"2.585.174,18";"0,00";
"08/2019";"36000 - Ministério da Saúde";"36000 - Ministério da Saúde - Unidades com vínculo direto";"250061 - HOSPITAL FEDERAL DOS SERVIDORES DO ESTADO";"10 - Saúde";"00 - NAO ATRIBUIDO";"14.442,95";"31.917,74";"30.671,45";"0,00";
"08/2019";"36000 - Ministério da Saúde";"36000 - Ministério da Saúde - Unidades com vínculo direto";"250052 - INSTITUTO NACIONAL DO CANCER - RJ";"10 - Saúde";"00 - NAO ATRIBUIDO";"0,00";"23.509,70";"20.477,67";"0,00";
"08/2019";"52000 - Ministério da Defesa";"52121 - Comando do Exército";"160018 - 12. BATALHAO DE SUPRIMENTO";"12 - Educação";"00 - NAO ATRIBUIDO";"12.960,84";"0,00";"0,00";"2.899,98";
"08/2019";"52000 - Ministério da Defesa";"52121 - Comando do Exército";"160174 - 15º BATALHÃO DE INFANTARIA MOTORIZADO";"12 - Educação";"00 - NAO ATRIBUIDO";"4.980,00";"0,00";"0,00";"0,00";
"08/2019";"30000 - Ministério da Justiça e Segurança Pública";"30108 - Departamento de Polícia Federal";"200334 - COORDENACAO DE ADMINISTRACAO-COAD/DLOG/DPF";"06 - Segurança pública";"00 - NAO ATRIBUIDO";"0,00";"0,00";"0,00";"209.178,95";
"08/2019";"36000 - Ministério da Saúde";"36000 - Ministério da Saúde - Unidades com vínculo direto";"250021 - NUCLEO ESTADUAL DO MS/GO";"10 - Saúde";"00 - NAO ATRIBUIDO";"0,00";"18.013,85";"18.013,85";"0,00";
"08/2019";"36000 - Ministério da Saúde";"36000 - Ministério da Saúde - Unidades com vínculo direto";"250036 - NUCLEO ESTADUAL DO MS/SC";"10 - Saúde";"00 - NAO ATRIBUIDO";"0,00";"25.599,26";"25.599,26";"0,00";
"08/2019";"26000 - Ministério da Educação";"26271 - Fundação Universidade de Brasília";"154019 - CENTRO DE APOIO AO DESENVOLV. TECNOLOGICO-CDT";"01 - Legislativa";"00 - NAO ATRIBUIDO";"0,00";"117.243,70";"109.743,14";"0,00";
"08/2019";"55000 - Ministério da Cidadania";"55000 - Ministério da Cidadania - Unidades com vínculo direto";"550006 - COORDENACAO GERAL DE GESTAO DE PESSOAS/MC";"28 - Encargos especiais";"00 - NAO ATRIBUIDO";"0,00";"4.990,00";"9.980,00";"0,00";
"08/2019";"52000 - Ministério da Defesa";"52121 - Comando do Exército";"160093 - 38  BATALHAO DE INFANTARIA";"12 - Educação";"00 - NAO ATRIBUIDO";"12.895,76";"0,00";"0,00";"0,00";
"08/2019";"32000 - Ministério de Minas e Energia";"32263 - Departamento Nacional de Produção Mineral";"323002 - DEPARTAMENTO NAC. DE PRODUCAO MINERAL - SEDE";"22 - Indústria";"00 - NAO ATRIBUIDO";"0,00";"0,00";"0,00";"218.595,34";
"08/2019";"52000 - Ministério da Defesa";"52121 - Comando do Exército";"160111 - COMANDO DA 4A BDA DE INFANTARIA LEVE MONTANHA";"12 - Educação";"00 - NAO ATRIBUIDO";"9.369,08";"0,00";"0,00";"0,00";
"08/2019";"52000 - Ministério da Defesa";"52121 - Comando do Exército";"160014 - COMANDO 12 REGIAO MILITAR";"12 - Educação";"00 - NAO ATRIBUIDO";"0,00";"0,00";"0,00";"1.248,09";
"08/2019";"52000 - Ministério da Defesa";"52121 - Comando do Exército";"160498 - 2º BATALHAO DE INFANTARIA LEVE";"12 - Educação";"00 - NAO ATRIBUIDO";"34.969,51";"0,00";"0,00";"0,00";
"08/2019";"55000 - Ministério da Cidadania";"55000 - Ministério da Cidadania - Unidades com vínculo direto";"420029 - SECRETARIA DA DIVERSIDADE CULTURAL/DIV";"13 - Cultura";"00 - NAO ATRIBUIDO";"1.349.943,42";"0,00";"0,00";"0,00";
"08/2019";"36000 - Ministério da Saúde";"36000 - Ministério da Saúde - Unidades com vínculo direto";"250027 - NUCLEO ESTADUAL DO MS/PB";"10 - Saúde";"00 - NAO ATRIBUIDO";"170.000,00";"24.488,45";"24.488,45";"0,00";
"08/2019";"52000 - Ministério da Defesa";"52121 - Comando do Exército";"160160 - 51 BATALHAO DE INFANTARIA DE SELVA";"12 - Educação";"00 - NAO ATRIBUIDO";"36.899,05";"0,00";"0,00";"0,00";
"08/2019";"36000 - Ministério da Saúde";"36000 - Ministério da Saúde - Unidades com vínculo direto";"250032 - NUCLEO ESTADUAL DO MS/RN";"10 - Saúde";"00 - NAO ATRIBUIDO";"70.000,00";"7.386,91";"11.712,02";"0,00";
"08/2019";"36000 - Ministério da Saúde";"36000 - Ministério da Saúde - Unidades com vínculo direto";"250028 - NUCLEO ESTADUAL DO MS/PR";"10 - Saúde";"00 - NAO ATRIBUIDO";"0,00";"14.581,34";"14.581,34";"0,00";
"08/2019";"37000 - Controladoria-Geral da União";"37000 - Controladoria-Geral da União - Unidades com vínculo direto";"370002 - COORDENçãO-GERAL DE GESTãO DE PESSOAS";"12 - Educação";"00 - NAO ATRIBUIDO";"0,00";"0,00";"4.000,00";"0,00";
"08/2019";"25000 - Ministério da Economia";"25000 - Ministério da Economia - Unidades com vínculo direto";"170597 - DPTO CENTRAL.SERV. DE INATIVOS E PENSIONISTAS";"04 - Administração";"00 - NAO ATRIBUIDO";"0,00";"116.146,58";"116.606,24";"0,00";
"08/2019";"52000 - Ministério da Defesa";"52121 - Comando do Exército";"160202 - 3º BATALHÃO DE ENGENHARIA DE CONSTRUÇÃO";"12 - Educação";"00 - NAO ATRIBUIDO";"9.857,13";"0,00";"0,00";"0,00";
"08/2019";"26000 - Ministério da Educação";"26428 - Instituto Federal de Brasília";"152147 - IFB - CAMPUS RIACHO FUNDO";"12 - Educação";"00 - NAO ATRIBUIDO";"251.382,04";"103.709,77";"132.321,13";"14.240,83";
"08/2019";"39000 - Ministério da Infraestrutura";"39253 - Empresa de Planejamento e Logística S.A.";"395001 - EMPRESA DE PLANEJAMENTO E LOGISTICA S.A - EPL";"26 - Transporte";"Sem informação";"0,00";"0,00";"0,00";"687,00";
"08/2019";"52000 - Ministério da Defesa";"52121 - Comando do Exército";"160474 - 4  BATALHAO DE INFANTARIA LEVE";"12 - Educação";"00 - NAO ATRIBUIDO";"169.545,09";"0,00";"0,00";"3.970,86";
"08/2019";"26000 - Ministério da Educação";"26254 - Universidade Federal do Triângulo Mineiro";"150221 - HOSPITAL DE CLÍNICAS DA UFTM";"10 - Saúde";"00 - NAO ATRIBUIDO";"0,00";"0,00";"0,00";"3.545,00";
"08/2019";"35000 - Ministério das Relações Exteriores";"35000 - Ministério das Relações Exteriores - Unidades com vínculo direto";"240053 - CONSULADO-GERAL DO BRASIL EM BOSTON";"02 - Judiciária";"00 - NAO ATRIBUIDO";"2.241,60";"2.241,60";"2.241,60";"0,00";
"08/2019";"26000 - Ministério da Educação";"26245 - Universidade Federal do Rio de Janeiro";"153115 - UNIVERSIDADE FEDERAL DO RIO DE JANEIRO";"12 - Educação";"00 - NAO ATRIBUIDO";"- 1.060,00";"0,00";"0,00";"0,00";
"08/2019";"52000 - Ministério da Defesa";"52121 - Comando do Exército";"160206 - 30 BATALHAO DE INFANTARIA MECANIZADO";"12 - Educação";"00 - NAO ATRIBUIDO";"2.991,35";"0,00";"0,00";"0,00";
"08/2019";"25000 - Ministério da Economia";"25915 - Fundo Constitucional do Distrito Federal";"170395 - FCDF±SSP ± POLICIA CIVIL DO DF";"09 - Previdência social";"00 - NAO ATRIBUIDO";"75.988.097,00";"75.953.722,27";"77.681.164,97";"0,00";
"08/2019";"30000 - Ministério da Justiça e Segurança Pública";"30108 - Departamento de Polícia Federal";"200406 - DIRETORIA TECNICO-CIENTIFICA-DITEC/DPF";"06 - Segurança pública";"00 - NAO ATRIBUIDO";"0,00";"0,00";"0,00";"1.055.611,70";
"08/2019";"52000 - Ministério da Defesa";"52121 - Comando do Exército";"160130 - 36º BATALHãO DE INFANTARIA MECANIZADO";"12 - Educação";"00 - NAO ATRIBUIDO";"4.818,25";"0,00";"0,00";"0,00";
"08/2019";"52000 - Ministério da Defesa";"52121 - Comando do Exército";"160348 - 5 BATALHAO DE ENGENHARIA DE CONSTRUCAO";"12 - Educação";"00 - NAO ATRIBUIDO";"42.280,62";"0,00";"0,00";"0,00";
"08/2019";"26000 - Ministério da Educação";"26237 - Universidade Federal de Juiz de Fora";"153061 - UNIVERSIDADE FEDERAL DE JUIZ DE FORA";"12 - Educação";"00 - NAO ATRIBUIDO";"55.108,58";"0,00";"0,00";"0,00";
"08/2019";"36000 - Ministério da Saúde";"36000 - Ministério da Saúde - Unidades com vínculo direto";"250024 - NUCLEO ESTADUAL DO MS/MS";"10 - Saúde";"00 - NAO ATRIBUIDO";"0,00";"6.132,15";"998,00";"0,00";
"08/2019";"25000 - Ministério da Economia";"25915 - Fundo Constitucional do Distrito Federal";"170394 - FCDF±SSP±CORPO BOMBEIRO MILITAR DO DF";"04 - Administração";"00 - NAO ATRIBUIDO";"16.460.251,07";"16.416.333,19";"16.129.809,99";"0,00";
"08/2019";"26000 - Ministério da Educação";"26271 - Fundação Universidade de Brasília";"154106 - HOSPITAL UNIVERSITARIO DE BRASILIA - HUB";"09 - Previdência social";"00 - NAO ATRIBUIDO";"0,00";"98.561,64";"98.561,64";"0,00";
"08/2019";"22000 - Ministério da Agricultura, Pecuária e Abastecimento";"22202 - Empresa Brasileira de Pesquisa Agropecuária";"135038 - EMBRAPA/CENARGEN";"20 - Agricultura";"00 - NAO ATRIBUIDO";"0,00";"0,00";"0,00";"24.000,00";
"08/2019";"52000 - Ministério da Defesa";"52121 - Comando do Exército";"160524 - 15 BATALHAO LOGISTICO";"12 - Educação";"00 - NAO ATRIBUIDO";"7.500,00";"0,00";"0,00";"0,00";
"08/2019";"26000 - Ministério da Educação";"26271 - Fundação Universidade de Brasília";"154040 - FUNDACAO UNIVERSIDADE DE BRASILIA - FUB";"10 - Saúde";"00 - NAO ATRIBUIDO";"0,00";"0,00";"0,00";"890.052,23";
"08/2019";"25000 - Ministério da Economia";"25000 - Ministério da Economia - Unidades com vínculo direto";"201013 - COORDENACAO DE EXECUCAO ORC. E FINANCEIRA";"04 - Administração";"00 - NAO ATRIBUIDO";"0,00";"261.484,72";"261.484,72";"0,00";
"08/2019";"55000 - Ministério da Cidadania";"55000 - Ministério da Cidadania - Unidades com vínculo direto";"550009 - SECR. NAC. DE CUIDADOS E PREV. AS DROGAS";"14 - Direitos da cidadania";"00 - NAO ATRIBUIDO";"0,00";"0,00";"0,00";"1.412.387,00";
"08/2019";"53000 - Ministério do Desenvolvimento Regional";"53000 - Ministério do Desenvolvimento Regional - Unidades com vínculo direto";"175004 - CAIXA ECONOMICA FEDERAL - PROGRAMAS SOCIAIS";"15 - Urbanismo";"00 - NAO ATRIBUIDO";"0,00";"0,00";"0,00";"122.925,00";
"08/2019";"24000 - Ministério da Ciência, Tecnologia, Inovações e Comunicações";"20501 - Conselho Nacional de Desenvolvimento Científico e Tecnológico";"364102 - CONSELHO NAC DE DESENV CIENT E TECNOLOGICO";"09 - Previdência social";"00 - NAO ATRIBUIDO";"0,00";"9.769.361,96";"9.763.170,24";"0,00";
"08/2019";"25000 - Ministério da Economia";"25915 - Fundo Constitucional do Distrito Federal";"170485 - DEPARTAMENTO DE SAÚDE E ASSIST. DE PESSOAL";"28 - Encargos especiais";"00 - NAO ATRIBUIDO";"- 192.700,91";"22.730.621,72";"22.039.897,73";"2.055.251,78";
"08/2019";"39000 - Ministério da Infraestrutura";"39252 - Departamento Nacional de Infraestrutura de Transportes";"393003 - DEPART.NAC.INFRA ESTRUTURA TRANSPORTES.";"26 - Transporte";"00 - NAO ATRIBUIDO";"0,00";"213.742,48";"4.617.177,12";"0,00";
"08/2019";"52000 - Ministério da Defesa";"52121 - Comando do Exército";"160482 - COMANDO/1A BRIGADA DE INFANTARIA DE SELVA";"12 - Educação";"00 - NAO ATRIBUIDO";"22.294,69";"0,00";"0,00";"0,00";
"08/2019";"55000 - Ministério da Cidadania";"55000 - Ministério da Cidadania - Unidades com vínculo direto";"550006 - COORDENACAO GERAL DE GESTAO DE PESSOAS/MC";"09 - Previdência social";"00 - NAO ATRIBUIDO";"785,62";"2.544.345,06";"3.257.649,06";"0,00";
"08/2019";"32000 - Ministério de Minas e Energia";"32210 - Agência Nacional de Energia Elétrica";"323028 - AGENCIA NACIONAL DE ENERGIA ELETRICA";"09 - Previdência social";"00 - NAO ATRIBUIDO";"0,00";"315.254,41";"315.254,41";"0,00";
"08/2019";"36000 - Ministério da Saúde";"36000 - Ministério da Saúde - Unidades com vínculo direto";"250019 - NUCLEO ESTADUAL DO MS/ES";"10 - Saúde";"00 - NAO ATRIBUIDO";"50.000,00";"24.630,89";"24.630,89";"0,00";
"08/2019";"52000 - Ministério da Defesa";"52121 - Comando do Exército";"160033 - 19º BATALHÃO DE CACADORES";"12 - Educação";"00 - NAO ATRIBUIDO";"11.610,45";"0,00";"0,00";"0,00";
"08/2019";"52000 - Ministério da Defesa";"52121 - Comando do Exército";"160433 - 19 BATALHAO DE INFANTARIA MOTORIZADO";"12 - Educação";"00 - NAO ATRIBUIDO";"15.452,21";"0,00";"0,00";"0,00";
"08/2019";"53000 - Ministério do Desenvolvimento Regional";"44205 - Agência Nacional de Águas";"443001 - AGENCIA NACIONAL DE AGUAS - COGEF/SAF/ANA";"09 - Previdência social";"00 - NAO ATRIBUIDO";"0,00";"255.129,89";"255.129,89";"0,00";
"08/2019";"25000 - Ministério da Economia";"25915 - Fundo Constitucional do Distrito Federal";"170394 - FCDF±SSP±CORPO BOMBEIRO MILITAR DO DF";"09 - Previdência social";"00 - NAO ATRIBUIDO";"10.780.324,40";"10.778.023,61";"10.757.556,78";"0,00";
"08/2019";"36000 - Ministério da Saúde";"36000 - Ministério da Saúde - Unidades com vínculo direto";"250006 - COORDENACAO-GERAL DE GESTAO DE PESSOAS";"28 - Encargos especiais";"00 - NAO ATRIBUIDO";"0,00";"333.069,18";"327.645,96";"0,00";
"08/2019";"26000 - Ministério da Educação";"26271 - Fundação Universidade de Brasília";"154040 - FUNDACAO UNIVERSIDADE DE BRASILIA - FUB";"09 - Previdência social";"00 - NAO ATRIBUIDO";"0,00";"35.318.782,25";"34.596.341,47";"0,00";
"08/2019";"52000 - Ministério da Defesa";"52000 - Ministério da Defesa - Unidades com vínculo direto";"112408 - HOSPITAL DAS FORCAS ARMADAS";"05 - Defesa nacional";"Sem informação";"0,00";"473.884,55";"463.658,07";"0,00";
"08/2019";"25000 - Ministério da Economia";"25915 - Fundo Constitucional do Distrito Federal";"170397 - FCDF - SECRETARIA DE SAUDE";"28 - Encargos especiais";"00 - NAO ATRIBUIDO";"320.000.000,00";"291.221.593,04";"291.221.593,04";"0,00";
"08/2019";"26000 - Ministério da Educação";"26290 - Instituto Nacional de Estudos e Pesquisas Educacionais Anísio Teixeira";"153978 - INST.NACIONAL DE EST.E PESQUISAS EDUCACIONAIS";"09 - Previdência social";"00 - NAO ATRIBUIDO";"0,00";"587.142,13";"572.880,03";"0,00";
"08/2019";"55000 - Ministério da Cidadania";"34902 - Fundo Nacional de Cultura";"340029 - SECRETARIA DA DIVERSIDADE CULTURAL/DIV/FNC";"13 - Cultura";"00 - NAO ATRIBUIDO";"0,00";"0,00";"0,00";"300.000,00";
"08/2019";"26000 - Ministério da Educação";"26428 - Instituto Federal de Brasília";"152143 - IFB - CAMPUS RECANTO DAS EMAS";"12 - Educação";"00 - NAO ATRIBUIDO";"118.446,97";"61.641,27";"77.211,79";"10.811,81";
"08/2019";"26000 - Ministério da Educação";"26428 - Instituto Federal de Brasília";"152141 - IFB - CAMPUS SAMAMBAIA";"12 - Educação";"00 - NAO ATRIBUIDO";"206.436,99";"112.694,88";"150.444,88";"16.225,88";
"08/2019";"30000 - Ministério da Justiça e Segurança Pública";"30802 - Departamento de Polícia Rodoviária Federal";"200141 - SUPERINTENDENCIA REG. POL. RODV. FEDERAL-DF";"06 - Segurança pública";"00 - NAO ATRIBUIDO";"0,00";"0,00";"0,00";"400.000,00";
"08/2019";"52000 - Ministério da Defesa";"52121 - Comando do Exército";"160388 - 3 REGIMENTO DE CAVALARIA DE GUARDA";"12 - Educação";"00 - NAO ATRIBUIDO";"0,00";"0,00";"0,00";"1.285,00";
"08/2019";"36000 - Ministério da Saúde";"36000 - Ministério da Saúde - Unidades com vínculo direto";"250106 - HOSPITAL FEDERAL DO ANDARAI";"10 - Saúde";"00 - NAO ATRIBUIDO";"3.844,58";"3.844,58";"3.844,58";"0,00";
"08/2019";"35000 - Ministério das Relações Exteriores";"35201 - Fundação Alexandre de Gusmão";"244001 - FUNDACAO ALEXANDRE DE GUSMAO";"07 - Relações exteriores";"00 - NAO ATRIBUIDO";"0,00";"42.359,67";"41.871,25";"0,00";
"08/2019";"36000 - Ministério da Saúde";"36000 - Ministério da Saúde - Unidades com vínculo direto";"250023 - NUCLEO ESTADUAL DO MS/MT";"10 - Saúde";"00 - NAO ATRIBUIDO";"0,00";"5.768,01";"5.768,01";"0,00";
"08/2019";"32000 - Ministério de Minas e Energia";"32396 - Agência Nacional de Mineração";"323103 - AGÊNCIA NACIONAL DE MINERAÇÃO - ANM - FOPAG";"09 - Previdência social";"00 - NAO ATRIBUIDO";"0,00";"4.902.382,67";"4.828.150,57";"0,00";
"08/2019";"24000 - Ministério da Ciência, Tecnologia, Inovações e Comunicações";"20402 - Agência Espacial Brasileira";"203001 - AGENCIA ESPACIAL BRASILEIRA/AEB";"09 - Previdência social";"00 - NAO ATRIBUIDO";"0,00";"30.554,89";"30.554,89";"0,00";
"08/2019";"52000 - Ministério da Defesa";"52121 - Comando do Exército";"160118 - COMANDO DA 4ª REGIÃO MILITAR";"12 - Educação";"00 - NAO ATRIBUIDO";"47.028,70";"0,00";"0,00";"0,00";
"08/2019";"26000 - Ministério da Educação";"26298 - Fundo Nacional de Desenvolvimento da Educação";"153173 - FUNDO NACIONAL DE DESENVOLVIMENTO DA EDUCACAO";"09 - Previdência social";"00 - NAO ATRIBUIDO";"0,00";"5.297.760,77";"5.305.887,71";"0,00";
"08/2019";"55000 - Ministério da Cidadania";"55000 - Ministério da Cidadania - Unidades com vínculo direto";"180006 - CEF/MINISTERIO DO ESPORTE";"27 - Desporto e lazer";"Sem informação";"0,00";"0,00";"0,00";"104.422,50";
"08/2019";"52000 - Ministério da Defesa";"52121 - Comando do Exército";"160343 - 7º BATALHÃO DE ENGENHARIA DE COMBATE";"12 - Educação";"00 - NAO ATRIBUIDO";"62.296,68";"0,00";"0,00";"113,14";
"08/2019";"25000 - Ministério da Economia";"25915 - Fundo Constitucional do Distrito Federal";"170399 - FCDF - SECRETARIA DE EDUCACAO";"28 - Encargos especiais";"00 - NAO ATRIBUIDO";"198.000.000,00";"226.778.406,96";"226.778.406,96";"0,00";
"08/2019";"36000 - Ministério da Saúde";"36000 - Ministério da Saúde - Unidades com vínculo direto";"250025 - NUCLEO ESTADUAL DO MS/MG";"10 - Saúde";"00 - NAO ATRIBUIDO";"0,00";"69.761,23";"77.636,32";"0,00";
"08/2019";"52000 - Ministério da Defesa";"52131 - Comando da Marinha";"787000 - COMANDO DO 7.DN";"05 - Defesa nacional";"00 - NAO ATRIBUIDO";"0,00";"0,00";"0,00";"18.281,62";
"08/2019";"25000 - Ministério da Economia";"25915 - Fundo Constitucional do Distrito Federal";"170484 - FCDF-PMDF-DEPARTAMENTO DE GESTÃO DE PESSOAL";"09 - Previdência social";"00 - NAO ATRIBUIDO";"21.793.283,63";"21.799.207,67";"21.326.146,30";"0,00";
"08/2019";"22000 - Ministério da Agricultura, Pecuária e Abastecimento";"20129 - Secretaria Especial de Agricultura Familiar e do Desenvolvimento Agrário ";"110669 - SDR/SEAD - CEF";"21 - Organização agrária";"00 - NAO ATRIBUIDO";"0,00";"0,00";"0,00";"0,00";
"08/2019";"20000 - Presidência da República";"60000 - Gabinete da Vice-Presidência da República";"110101 - GABINETE DA VICE-PRESIDENCIA DA REPUBLICA";"04 - Administração";"00 - NAO ATRIBUIDO";"99.354,13";"599.224,53";"599.572,59";"0,00";
"08/2019";"30000 - Ministério da Justiça e Segurança Pública";"30000 - Ministério da Justiça e Segurança Pública - Unidades com vínculo direto";"200325 - COORDENAÇÃO DE GESTÃO DE PESSOAS - DEPEN";"06 - Segurança pública";"00 - NAO ATRIBUIDO";"0,00";"1.564.863,12";"1.539.718,19";"0,00";
"08/2019";"44000 - Ministério do Meio Ambiente";"44000 - Ministério do Meio Ambiente - Unidades com vínculo direto";"440001 - SUBSECRET.DE PLANEJ.,ORC.E ADMINIST.±SPOA/MMA";"09 - Previdência social";"00 - NAO ATRIBUIDO";"3.738.793,00";"1.150.869,30";"1.147.349,30";"0,00";
"08/2019";"20000 - Presidência da República";"20101 - Presidência da República";"110001 - SECRETARIA ESPECIAL DE ADMINISTRACAO/PR";"04 - Administração";"00 - NAO ATRIBUIDO";"2.077.809,98";"995.263,01";"999.374,85";"0,00";
"08/2019";"25000 - Ministério da Economia";"25915 - Fundo Constitucional do Distrito Federal";"170495 - FCDF - CBMDF - ASSISTENCIA MEDICA";"28 - Encargos especiais";"00 - NAO ATRIBUIDO";"13.834.538,50";"7.778.489,02";"7.786.067,36";"159.134,49";
"08/2019";"30000 - Ministério da Justiça e Segurança Pública";"30000 - Ministério da Justiça e Segurança Pública - Unidades com vínculo direto";"200006 - COORDENACAO-GERAL DE GESTÃO DE PESSOAS-CGGP";"14 - Direitos da cidadania";"00 - NAO ATRIBUIDO";"0,00";"818.630,65";"818.630,65";"0,00";
"08/2019";"26000 - Ministério da Educação";"26291 - Fundação Coordenação de Aperfeiçoamento de Pessoal de Nível Superior";"154003 - FUND.COORD.DE APERF.DE PESSOAL NIVEL SUPERIOR";"09 - Previdência social";"00 - NAO ATRIBUIDO";"0,00";"1.749.082,97";"1.760.683,21";"0,00";
"08/2019";"26000 - Ministério da Educação";"26271 - Fundação Universidade de Brasília";"154040 - FUNDACAO UNIVERSIDADE DE BRASILIA - FUB";"28 - Encargos especiais";"00 - NAO ATRIBUIDO";"0,00";"332,66";"332,66";"0,00";
"08/2019";"25000 - Ministério da Economia";"20202 - Fundação Escola Nacional de Administração Pública";"114702 - FUNDACAO ESCOLA NACIONAL DE ADM. PUBLICA";"04 - Administração";"00 - NAO ATRIBUIDO";"101.413,16";"4.069.017,32";"4.043.163,99";"204,38";
"08/2019";"52000 - Ministério da Defesa";"52121 - Comando do Exército";"160103 - 50 BATALHAO DE INFANTARIA DE SELVA";"12 - Educação";"00 - NAO ATRIBUIDO";"37.152,92";"0,00";"0,00";"0,00";
"08/2019";"36000 - Ministério da Saúde";"36000 - Ministério da Saúde - Unidades com vínculo direto";"250026 - NUCLEO ESTADUAL DO MS/PA";"10 - Saúde";"00 - NAO ATRIBUIDO";"0,00";"20.822,94";"20.822,94";"0,00";
"08/2019";"55000 - Ministério da Cidadania";"55000 - Ministério da Cidadania - Unidades com vínculo direto";"550005 - COORDENACAO GERAL DE LICITACOES E CONTRATOS.";"28 - Encargos especiais";"00 - NAO ATRIBUIDO";"0,00";"14.568,89";"14.568,89";"0,00";
"08/2019";"26000 - Ministério da Educação";"26271 - Fundação Universidade de Brasília";"154078 - EDITORA DA UNIVERSIDADE DE BRASILIA (EDU)";"12 - Educação";"00 - NAO ATRIBUIDO";"19.480,40";"22.669,31";"22.669,31";"60.234,60";
"08/2019";"26000 - Ministério da Educação";"26000 - Ministério da Educação - Unidades com vínculo direto";"150002 - SUBSECRETARIA DE ASSUNTOS ADMINISTRATIVOS/MEC";"09 - Previdência social";"00 - NAO ATRIBUIDO";"16.426.004,41";"16.945.881,34";"17.021.607,48";"0,00";
"08/2019";"30000 - Ministério da Justiça e Segurança Pública";"30000 - Ministério da Justiça e Segurança Pública - Unidades com vínculo direto";"200006 - COORDENACAO-GERAL DE GESTÃO DE PESSOAS-CGGP";"09 - Previdência social";"00 - NAO ATRIBUIDO";"2.975,92";"9.722.820,27";"9.620.825,39";"0,00";
"08/2019";"52000 - Ministério da Defesa";"52000 - Ministério da Defesa - Unidades com vínculo direto";"110511 - CENTRO GESTOR OP. SISTEMA PROTECAO AMAZÔNIA";"05 - Defesa nacional";"00 - NAO ATRIBUIDO";"254.971,16";"254.971,16";"265.394,45";"0,00";
"08/2019";"52000 - Ministério da Defesa";"52121 - Comando do Exército";"160177 - 71 BATALHAO DE INFANTARIA MOTORIZADO";"12 - Educação";"00 - NAO ATRIBUIDO";"13.350,25";"0,00";"0,00";"0,00";
"08/2019";"26000 - Ministério da Educação";"26443 - Empresa Brasileira de Serviços Hospitalares";"155009 - EBSERH HUB-UNB";"10 - Saúde";"00 - NAO ATRIBUIDO";"6.551.600,33";"6.876.296,67";"4.473.830,18";"21.245,23";
"08/2019";"39000 - Ministério da Infraestrutura";"39000 - Ministério da Infraestrutura - Unidades com vínculo direto";"390007 - COORDENACAO-GERAL DE GESTAO DE PESSOAS";"26 - Transporte";"00 - NAO ATRIBUIDO";"200.000,00";"16.365.198,60";"15.363.500,79";"3.034,59";
"08/2019";"36000 - Ministério da Saúde";"36000 - Ministério da Saúde - Unidades com vínculo direto";"250006 - COORDENACAO-GERAL DE GESTAO DE PESSOAS";"09 - Previdência social";"00 - NAO ATRIBUIDO";"307.875,04";"628.240.044,85";"623.833.052,38";"0,00";
"08/2019";"30000 - Ministério da Justiça e Segurança Pública";"30911 - Fundo Nacional de Segurança Pública";"200331 - SECRETARIA NACIONAL DE SEGURANCA PUBLICA";"06 - Segurança pública";"00 - NAO ATRIBUIDO";"439.500,00";"0,00";"0,00";"0,00";
"08/2019";"36000 - Ministério da Saúde";"36000 - Ministério da Saúde - Unidades com vínculo direto";"250014 - NUCLEO ESTADUAL DO MS/AP";"10 - Saúde";"00 - NAO ATRIBUIDO";"23.649,11";"4.762,70";"4.762,70";"0,00";
"08/2019";"26000 - Ministério da Educação";"26271 - Fundação Universidade de Brasília";"154040 - FUNDACAO UNIVERSIDADE DE BRASILIA - FUB";"02 - Judiciária";"00 - NAO ATRIBUIDO";"468.878,30";"360.000,00";"0,00";"0,00";
"08/2019";"39000 - Ministério da Infraestrutura";"39253 - Empresa de Planejamento e Logística S.A.";"395001 - EMPRESA DE PLANEJAMENTO E LOGISTICA S.A - EPL";"26 - Transporte";"00 - NAO ATRIBUIDO";"0,00";"2.461.639,47";"2.350.100,85";"0,00";
"08/2019";"26000 - Ministério da Educação";"26428 - Instituto Federal de Brasília";"152146 - IFB - CAMPUS ESTRUTURAL";"12 - Educação";"00 - NAO ATRIBUIDO";"150.537,57";"122.535,35";"128.935,60";"16.191,95";
"08/2019";"26000 - Ministério da Educação";"26298 - Fundo Nacional de Desenvolvimento da Educação";"153173 - FUNDO NACIONAL DE DESENVOLVIMENTO DA EDUCACAO";"12 - Educação";"00 - NAO ATRIBUIDO";"16.106.446,69";"10.775.449,24";"10.190.054,03";"139.718,73";
"08/2019";"25000 - Ministério da Economia";"33206 - Superintendência Nacional de Previdência Complementar";"333002 - COORDENAÇÃO GERAL DE RECURSOS HUMANOS PREVIC";"09 - Previdência social";"00 - NAO ATRIBUIDO";"0,00";"0,00";"0,00";"0,00";
"08/2019";"30000 - Ministério da Justiça e Segurança Pública";"30000 - Ministério da Justiça e Segurança Pública - Unidades com vínculo direto";"200330 - SECRETARIA NACIONAL DE SEG. PÚBLICA - SENASP";"06 - Segurança pública";"00 - NAO ATRIBUIDO";"0,00";"0,00";"0,00";"0,00";
"08/2019";"52000 - Ministério da Defesa";"52131 - Comando da Marinha";"787400 - ESTACAO RADIO DA MARINHA EM BRASILIA";"05 - Defesa nacional";"00 - NAO ATRIBUIDO";"0,00";"0,00";"0,00";"0,00";
"08/2019";"55000 - Ministério da Cidadania";"20408 - Fundação Cultural Palmares";"344041 - FCP-FUNDACAO CULTURAL PALMARES";"13 - Cultura";"00 - NAO ATRIBUIDO";"139.000,00";"490.216,92";"459.488,70";"154.025,28";
"08/2019";"25000 - Ministério da Economia";"25000 - Ministério da Economia - Unidades com vínculo direto";"280104 - COORDENACAO-GERAL DE RECURSOS HUMANOS/MDIC";"22 - Indústria";"00 - NAO ATRIBUIDO";"0,00";"0,00";"0,00";"0,00";
"08/2019";"20000 - Presidência da República";"24208 - Instituto Nacional de Tecnologia da Informação";"243001 - INSTITUTO NAC.DE TECNOLOGIA DA INFORMACAO ITI";"04 - Administração";"00 - NAO ATRIBUIDO";"0,00";"861.148,12";"848.835,23";"0,00";
"08/2019";"54000 - Ministério do Turismo";"54000 - Ministério do Turismo - Unidades com vínculo direto";"540004 - COORD. GERAL DE RECURSOS LOGISTICOS - CGRL";"23 - Comércio e serviços";"00 - NAO ATRIBUIDO";"0,00";"2.532.424,43";"2.508.566,60";"0,00";
"08/2019";"39000 - Ministério da Infraestrutura";"39000 - Ministério da Infraestrutura - Unidades com vínculo direto";"390007 - COORDENACAO-GERAL DE GESTAO DE PESSOAS";"09 - Previdência social";"00 - NAO ATRIBUIDO";"0,00";"228.514.003,33";"227.473.502,81";"0,00";
"08/2019";"25000 - Ministério da Economia";"25000 - Ministério da Economia - Unidades com vínculo direto";"170597 - DPTO CENTRAL.SERV. DE INATIVOS E PENSIONISTAS";"09 - Previdência social";"00 - NAO ATRIBUIDO";"0,00";"9.196.586,98";"9.088.455,85";"0,00";
"08/2019";"52000 - Ministério da Defesa";"52000 - Ministério da Defesa - Unidades com vínculo direto";"112408 - HOSPITAL DAS FORCAS ARMADAS";"05 - Defesa nacional";"00 - NAO ATRIBUIDO";"20.437.896,28";"11.565.090,45";"11.828.093,59";"0,00";
"08/2019";"25000 - Ministério da Economia";"20202 - Fundação Escola Nacional de Administração Pública";"114702 - FUNDACAO ESCOLA NACIONAL DE ADM. PUBLICA";"09 - Previdência social";"00 - NAO ATRIBUIDO";"0,00";"530.849,14";"525.773,26";"0,00";
"08/2019";"44000 - Ministério do Meio Ambiente";"44000 - Ministério do Meio Ambiente - Unidades com vínculo direto";"440001 - SUBSECRET.DE PLANEJ.,ORC.E ADMINIST.±SPOA/MMA";"18 - Gestão ambiental";"00 - NAO ATRIBUIDO";"532.686,67";"8.487.871,42";"8.472.523,67";"0,00";
"08/2019";"26000 - Ministério da Educação";"26428 - Instituto Federal de Brasília";"158143 - IFB - REITORIA - BRASÍLIA-DF";"12 - Educação";"00 - NAO ATRIBUIDO";"15.420.873,45";"15.387.143,94";"15.231.568,17";"572.831,36";
"08/2019";"26000 - Ministério da Educação";"26428 - Instituto Federal de Brasília";"152142 - IFB - CAMPUS BRASÍLIA";"12 - Educação";"00 - NAO ATRIBUIDO";"429.701,44";"337.281,46";"359.813,76";"186.708,24";
"08/2019";"36000 - Ministério da Saúde";"36000 - Ministério da Saúde - Unidades com vínculo direto";"250022 - NUCLEO ESTADUAL DO MS/MA";"10 - Saúde";"00 - NAO ATRIBUIDO";"0,00";"30.688,67";"30.688,67";"0,00";
"08/2019";"36000 - Ministério da Saúde";"36000 - Ministério da Saúde - Unidades com vínculo direto";"250034 - NUCLEO ESTADUAL DO MS/RO";"10 - Saúde";"00 - NAO ATRIBUIDO";"0,00";"5.246,62";"5.246,62";"0,00";
"08/2019";"32000 - Ministério de Minas e Energia";"32210 - Agência Nacional de Energia Elétrica";"323028 - AGENCIA NACIONAL DE ENERGIA ELETRICA";"25 - Energia";"00 - NAO ATRIBUIDO";"0,00";"14.541.659,37";"14.480.206,27";"0,00";
"08/2019";"25000 - Ministério da Economia";"25915 - Fundo Constitucional do Distrito Federal";"170484 - FCDF-PMDF-DEPARTAMENTO DE GESTÃO DE PESSOAL";"28 - Encargos especiais";"00 - NAO ATRIBUIDO";"209.828.850,44";"209.841.667,35";"213.554.005,19";"0,00";
"08/2019";"26000 - Ministério da Educação";"26271 - Fundação Universidade de Brasília";"154019 - CENTRO DE APOIO AO DESENVOLV. TECNOLOGICO-CDT";"12 - Educação";"00 - NAO ATRIBUIDO";"552.857,49";"99.385,17";"168.489,53";"68.046,72";
"08/2019";"25000 - Ministério da Economia";"25915 - Fundo Constitucional do Distrito Federal";"170395 - FCDF±SSP ± POLICIA CIVIL DO DF";"28 - Encargos especiais";"00 - NAO ATRIBUIDO";"79.100.286,66";"82.429.022,70";"82.871.740,64";"9.086.135,47";
"08/2019";"52000 - Ministério da Defesa";"52121 - Comando do Exército";"160547 - 22 BATALHAO DE INFANTARIA";"12 - Educação";"00 - NAO ATRIBUIDO";"4.999,92";"0,00";"0,00";"0,00";
"08/2019";"55000 - Ministério da Cidadania";"20408 - Fundação Cultural Palmares";"344041 - FCP-FUNDACAO CULTURAL PALMARES";"09 - Previdência social";"00 - NAO ATRIBUIDO";"94.000,00";"145.391,85";"145.391,85";"0,00";
"08/2019";"52000 - Ministério da Defesa";"52121 - Comando do Exército";"160528 - BASE ADMINISTRATIVA DO C COM G EX";"05 - Defesa nacional";"00 - NAO ATRIBUIDO";"0,00";"0,00";"0,00";"66.574,35";
"08/2019";"36000 - Ministério da Saúde";"36000 - Ministério da Saúde - Unidades com vínculo direto";"250006 - COORDENACAO-GERAL DE GESTAO DE PESSOAS";"10 - Saúde";"00 - NAO ATRIBUIDO";"450.151,94";"478.671.258,92";"482.459.336,65";"0,00";
"08/2019";"55000 - Ministério da Cidadania";"55000 - Ministério da Cidadania - Unidades com vínculo direto";"550006 - COORDENACAO GERAL DE GESTAO DE PESSOAS/MC";"04 - Administração";"00 - NAO ATRIBUIDO";"7.108.313,70";"7.210.809,95";"2.939.675,32";"0,00";
"08/2019";"26000 - Ministério da Educação";"26271 - Fundação Universidade de Brasília";"154106 - HOSPITAL UNIVERSITARIO DE BRASILIA - HUB";"12 - Educação";"00 - NAO ATRIBUIDO";"9.994,12";"5.984.458,38";"5.986.627,08";"0,00";
"08/2019";"25000 - Ministério da Economia";"25915 - Fundo Constitucional do Distrito Federal";"170393 - FCDF±SSP ± POLICIA MILITAR DO DF";"28 - Encargos especiais";"00 - NAO ATRIBUIDO";"1.212.037,45";"5.720.487,81";"5.251.646,05";"13.350,00";
"08/2019";"26000 - Ministério da Educação";"26271 - Fundação Universidade de Brasília";"154079 - CENTRO DE SEL.E DE PROM DE EVENTOS (CESPE)";"12 - Educação";"00 - NAO ATRIBUIDO";"144.596,60";"51.632,66";"52.028,56";"5.590,40";
"08/2019";"52000 - Ministério da Defesa";"52121 - Comando do Exército";"160058 - 32 GRUPO DE ARTILHARIA DE CAMPANHA";"05 - Defesa nacional";"00 - NAO ATRIBUIDO";"0,00";"0,00";"0,00";"81.810,00";
"08/2019";"81000 - Ministério da Mulher, Família e Direitos Humanos";"81000 - Ministério da Mulher, Família e Direitos Humanos - Unidades com vínculo direto";"810004 - COORDENACAO-GERAL DE GESTAO DE PESSOAS - MDH";"14 - Direitos da cidadania";"00 - NAO ATRIBUIDO";"50.000,00";"4.251.619,63";"4.192.590,20";"0,00";
"08/2019";"30000 - Ministério da Justiça e Segurança Pública";"30211 - Conselho Administrativo de Defesa Econômica";"303001 - CONSELHO ADMINISTRATIVO DE DEFESA ECONOMICA";"14 - Direitos da cidadania";"00 - NAO ATRIBUIDO";"57.895,00";"907.811,31";"965.377,15";"0,00";
"08/2019";"53000 - Ministério do Desenvolvimento Regional";"44205 - Agência Nacional de Águas";"443001 - AGENCIA NACIONAL DE AGUAS - COGEF/SAF/ANA";"18 - Gestão ambiental";"00 - NAO ATRIBUIDO";"0,00";"7.491.392,64";"7.499.931,21";"0,00";
"08/2019";"32000 - Ministério de Minas e Energia";"32000 - Ministério de Minas e Energia - Unidades com vínculo direto";"320005 - COORD.GERAL DE RECURSOS HUMANOS/M.M.E";"25 - Energia";"00 - NAO ATRIBUIDO";"0,00";"7.413.164,76";"7.530.589,99";"0,00";
"08/2019";"26000 - Ministério da Educação";"26428 - Instituto Federal de Brasília";"152140 - IFB - CAMPUS TAGUATINGA NORTE";"12 - Educação";"00 - NAO ATRIBUIDO";"232.491,87";"178.475,22";"271.482,21";"23.611,12";
"08/2019";"26000 - Ministério da Educação";"26428 - Instituto Federal de Brasília";"158143 - IFB - REITORIA - BRASÍLIA-DF";"09 - Previdência social";"00 - NAO ATRIBUIDO";"157.629,46";"157.629,46";"160.512,92";"0,00";
"08/2019";"26000 - Ministério da Educação";"26428 - Instituto Federal de Brasília";"152139 - IFB - CAMPUS GAMA";"12 - Educação";"00 - NAO ATRIBUIDO";"292.146,13";"230.313,54";"184.937,74";"34.711,02";
"08/2019";"20000 - Presidência da República";"20116 - Fundo de Imprensa Nacional";"110247 - FUNDO DE IMPRENSA NACIONAL/COORD. REC. HUMAN.";"04 - Administração";"00 - NAO ATRIBUIDO";"8.000,00";"3.109.449,59";"1.586.888,85";"0,00";
"08/2019";"26000 - Ministério da Educação";"26000 - Ministério da Educação - Unidades com vínculo direto";"150002 - SUBSECRETARIA DE ASSUNTOS ADMINISTRATIVOS/MEC";"12 - Educação";"00 - NAO ATRIBUIDO";"3.131.334,42";"15.075.460,96";"12.352.765,42";"1.874,83";
"08/2019";"24000 - Ministério da Ciência, Tecnologia, Inovações e Comunicações";"20501 - Conselho Nacional de Desenvolvimento Científico e Tecnológico";"364102 - CONSELHO NAC DE DESENV CIENT E TECNOLOGICO";"19 - Ciência e Tecnologia";"00 - NAO ATRIBUIDO";"0,00";"6.614.237,61";"6.628.820,22";"1.446,49";
"08/2019";"26000 - Ministério da Educação";"26291 - Fundação Coordenação de Aperfeiçoamento de Pessoal de Nível Superior";"154003 - FUND.COORD.DE APERF.DE PESSOAL NIVEL SUPERIOR";"12 - Educação";"00 - NAO ATRIBUIDO";"3.794.677,78";"14.584.826,65";"14.503.898,25";"4.949.415,81";
"08/2019";"52000 - Ministério da Defesa";"52121 - Comando do Exército";"160122 - 55 BATALHAO DE INFANTARIA";"12 - Educação";"00 - NAO ATRIBUIDO";"21.363,00";"0,00";"0,00";"0,00";
"08/2019";"30000 - Ministério da Justiça e Segurança Pública";"30211 - Conselho Administrativo de Defesa Econômica";"303001 - CONSELHO ADMINISTRATIVO DE DEFESA ECONOMICA";"09 - Previdência social";"00 - NAO ATRIBUIDO";"9.829,04";"58.345,90";"55.245,86";"0,00";
"08/2019";"32000 - Ministério de Minas e Energia";"32396 - Agência Nacional de Mineração";"323103 - AGÊNCIA NACIONAL DE MINERAÇÃO - ANM - FOPAG";"22 - Indústria";"00 - NAO ATRIBUIDO";"3.190.685,58";"16.401.359,65";"15.939.575,94";"0,00";
"08/2019";"26000 - Ministério da Educação";"26290 - Instituto Nacional de Estudos e Pesquisas Educacionais Anísio Teixeira";"153978 - INST.NACIONAL DE EST.E PESQUISAS EDUCACIONAIS";"12 - Educação";"00 - NAO ATRIBUIDO";"12.484.625,80";"15.011.166,23";"14.555.571,16";"0,00";
"08/2019";"55000 - Ministério da Cidadania";"55000 - Ministério da Cidadania - Unidades com vínculo direto";"550006 - COORDENACAO GERAL DE GESTAO DE PESSOAS/MC";"08 - Assistência social";"00 - NAO ATRIBUIDO";"0,00";"415.964,90";"767.386,32";"0,00";
"08/2019";"26000 - Ministério da Educação";"26271 - Fundação Universidade de Brasília";"154040 - FUNDACAO UNIVERSIDADE DE BRASILIA - FUB";"12 - Educação";"00 - NAO ATRIBUIDO";"9.622.203,57";"100.299.607,00";"100.913.730,17";"2.505.803,06";
"08/2019";"20000 - Presidência da República";"20101 - Presidência da República";"110537 - AGENCIA BRASILEIRA DE INTELIGÊNCIA";"06 - Segurança pública";"00 - NAO ATRIBUIDO";"0,00";"1.617.094,28";"1.613.882,47";"0,00";
"08/2019";"52000 - Ministério da Defesa";"52000 - Ministério da Defesa - Unidades com vínculo direto";"110404 - DEPARTAMENTO DE ADMINISTRACAO INTERNA-MD";"05 - Defesa nacional";"00 - NAO ATRIBUIDO";"163.207,88";"6.045.043,77";"6.034.003,29";"8.042,50";
"08/2019";"52000 - Ministério da Defesa";"52121 - Comando do Exército";"160339 - 1º BATALHÃO DE ENGENHARIA DE CONSTRUÇÃO";"12 - Educação";"00 - NAO ATRIBUIDO";"54.954,71";"0,00";"0,00";"0,00";
"08/2019";"30000 - Ministério da Justiça e Segurança Pública";"30000 - Ministério da Justiça e Segurança Pública - Unidades com vínculo direto";"200006 - COORDENACAO-GERAL DE GESTÃO DE PESSOAS-CGGP";"06 - Segurança pública";"00 - NAO ATRIBUIDO";"10.011,30";"5.626.161,11";"7.543.901,74";"0,00";
"08/2019";"26000 - Ministério da Educação";"26428 - Instituto Federal de Brasília";"152145 - IFB - CAMPUS CEILÂNDIA";"12 - Educação";"00 - NAO ATRIBUIDO";"140.834,51";"174.542,43";"130.386,35";"4.435,85";
"08/2019";"26000 - Ministério da Educação";"26428 - Instituto Federal de Brasília";"158501 - IFB - CAMPUS PLANALTINA";"12 - Educação";"00 - NAO ATRIBUIDO";"350.629,40";"338.143,01";"453.717,77";"180.168,58";
"08/2019";"36000 - Ministério da Saúde";"36000 - Ministério da Saúde - Unidades com vínculo direto";"257001 - DIRETORIA EXECUTIVA DO FUNDO NAC. DE SAUDE";"10 - Saúde";"00 - NAO ATRIBUIDO";"54.617.435,90";"133.802.728,14";"133.802.728,14";"0,00";
"08/2019";"32000 - Ministério de Minas e Energia";"32000 - Ministério de Minas e Energia - Unidades com vínculo direto";"320005 - COORD.GERAL DE RECURSOS HUMANOS/M.M.E";"09 - Previdência social";"00 - NAO ATRIBUIDO";"17.392.997,00";"7.564.645,89";"7.589.424,95";"0,00";
"08/2019";"24000 - Ministério da Ciência, Tecnologia, Inovações e Comunicações";"20402 - Agência Espacial Brasileira";"203001 - AGENCIA ESPACIAL BRASILEIRA/AEB";"19 - Ciência e Tecnologia";"00 - NAO ATRIBUIDO";"30.000,00";"1.127.224,93";"1.083.364,27";"0,00";
"08/2019";"25000 - Ministério da Economia";"25915 - Fundo Constitucional do Distrito Federal";"170394 - FCDF±SSP±CORPO BOMBEIRO MILITAR DO DF";"28 - Encargos especiais";"00 - NAO ATRIBUIDO";"107.216.571,21";"101.141.884,13";"97.245.847,60";"264.489,08";
"08/2019";"26000 - Ministério da Educação";"26428 - Instituto Federal de Brasília";"152144 - IFB - CAMPUS SÃO SEBASTIÃO";"12 - Educação";"00 - NAO ATRIBUIDO";"255.705,42";"183.926,60";"224.027,39";"0,00";
"09/2019";"36000 - Ministério da Saúde";"36000 - Ministério da Saúde - Unidades com vínculo direto";"250013 - NUCLEO ESTADUAL DO MS/AL";"10 - Saúde";"00 - NAO ATRIBUIDO";"0,00";"34.727,19";"34.727,19";"0,00";
"09/2019";"36000 - Ministério da Saúde";"36000 - Ministério da Saúde - Unidades com vínculo direto";"250029 - NUCLEO ESTADUAL DO MS/PE";"10 - Saúde";"00 - NAO ATRIBUIDO";"0,00";"50.297,73";"54.293,11";"0,00";
"09/2019";"81000 - Ministério da Mulher, Família e Direitos Humanos";"81000 - Ministério da Mulher, Família e Direitos Humanos - Unidades com vínculo direto";"810009 - SEC.NAC. DE PROM. E DEF.DOS DIR.DA PESS.IDOSA";"14 - Direitos da cidadania";"00 - NAO ATRIBUIDO";"0,00";"298.476,60";"298.476,60";"0,00";
"09/2019";"36000 - Ministério da Saúde";"36000 - Ministério da Saúde - Unidades com vínculo direto";"250016 - NUCLEO ESTADUAL DO MS/BA";"10 - Saúde";"00 - NAO ATRIBUIDO";"0,00";"22.298,06";"25.098,96";"0,00";
"09/2019";"52000 - Ministério da Defesa";"52121 - Comando do Exército";"160026 - COMANDO DA 22ª BRIGADA DE INFANTARIA DE SELVA";"12 - Educação";"00 - NAO ATRIBUIDO";"2.801,45";"0,00";"0,00";"0,00";
"09/2019";"36000 - Ministério da Saúde";"36000 - Ministério da Saúde - Unidades com vínculo direto";"250015 - NUCLEO ESTADUAL DO MS/AM";"10 - Saúde";"00 - NAO ATRIBUIDO";"0,00";"9.812,52";"9.812,52";"0,00";
"09/2019";"81000 - Ministério da Mulher, Família e Direitos Humanos";"81000 - Ministério da Mulher, Família e Direitos Humanos - Unidades com vínculo direto";"810004 - COORDENACAO-GERAL DE GESTAO DE PESSOAS - MDH";"04 - Administração";"00 - NAO ATRIBUIDO";"0,00";"0,00";"0,00";"1.147,50";
"09/2019";"26000 - Ministério da Educação";"26242 - Universidade Federal de Pernambuco ";"153080 - UNIVERSIDADE FEDERAL DE PERNAMBUCO";"12 - Educação";"00 - NAO ATRIBUIDO";"2.400,00";"0,00";"0,00";"0,00";
"09/2019";"36000 - Ministério da Saúde";"36000 - Ministério da Saúde - Unidades com vínculo direto";"250038 - NUCLEO ESTADUAL DO MS/SE";"10 - Saúde";"00 - NAO ATRIBUIDO";"35.000,00";"6.136,69";"10.088,53";"0,00";
"09/2019";"55000 - Ministério da Cidadania";"55000 - Ministério da Cidadania - Unidades com vínculo direto";"420030 - SECRETARIA DA ECONOMIA CRIATIVA";"13 - Cultura";"00 - NAO ATRIBUIDO";"0,00";"150.000,00";"150.000,00";"0,00";
"09/2019";"52000 - Ministério da Defesa";"52121 - Comando do Exército";"160443 - 63 BATALHAO DE INFANTARIA";"12 - Educação";"00 - NAO ATRIBUIDO";"16.851,34";"6.145,44";"6.145,44";"0,00";
"09/2019";"36000 - Ministério da Saúde";"36000 - Ministério da Saúde - Unidades com vínculo direto";"250017 - NUCLEO ESTADUAL DO MS/CE";"10 - Saúde";"00 - NAO ATRIBUIDO";"0,00";"22.468,34";"22.468,34";"0,00";
"09/2019";"52000 - Ministério da Defesa";"52121 - Comando do Exército";"160156 - 44 BATALHAO DE INFANTARIA MOTORIZADO";"12 - Educação";"00 - NAO ATRIBUIDO";"0,00";"25.061,89";"36.133,39";"0,00";
"09/2019";"36000 - Ministério da Saúde";"36000 - Ministério da Saúde - Unidades com vínculo direto";"250042 - HOSPITAL FEDERAL DE BONSUCESSO";"10 - Saúde";"00 - NAO ATRIBUIDO";"16.139,94";"7.869,25";"11.617,10";"0,00";
"09/2019";"36000 - Ministério da Saúde";"36000 - Ministério da Saúde - Unidades com vínculo direto";"257003 - INSTITUTO EVANDRO CHAGAS";"10 - Saúde";"00 - NAO ATRIBUIDO";"0,00";"9.737,81";"9.737,81";"0,00";
"09/2019";"52000 - Ministério da Defesa";"52000 - Ministério da Defesa - Unidades com vínculo direto";"110404 - DEPARTAMENTO DE ADMINISTRACAO INTERNA-MD";"09 - Previdência social";"00 - NAO ATRIBUIDO";"0,00";"1.270.171,71";"1.281.198,48";"0,00";
"09/2019";"35000 - Ministério das Relações Exteriores";"35000 - Ministério das Relações Exteriores - Unidades com vínculo direto";"240271 - EMBAIXADA DO BRASIL EM WELLINGTON";"01 - Legislativa";"00 - NAO ATRIBUIDO";"7.754,36";"1.254,54";"1.254,54";"0,00";
"09/2019";"36000 - Ministério da Saúde";"36000 - Ministério da Saúde - Unidades com vínculo direto";"250057 - INST. NACIONAL DE TRAUMATOLOGIA E ORTOPEDIA";"10 - Saúde";"00 - NAO ATRIBUIDO";"0,00";"4.288,30";"4.288,30";"0,00";
"09/2019";"30000 - Ministério da Justiça e Segurança Pública";"30000 - Ministério da Justiça e Segurança Pública - Unidades com vínculo direto";"200006 - COORDENACAO-GERAL DE GESTÃO DE PESSOAS-CGGP";"28 - Encargos especiais";"00 - NAO ATRIBUIDO";"0,00";"2.738,78";"2.738,78";"0,00";
"09/2019";"52000 - Ministério da Defesa";"52121 - Comando do Exército";"160254 - 1 BATALHAO DE INFANTARIA MOTORIZADO (ES)";"12 - Educação";"00 - NAO ATRIBUIDO";"310,52";"0,00";"0,00";"0,00";
"09/2019";"36000 - Ministério da Saúde";"36000 - Ministério da Saúde - Unidades com vínculo direto";"257050 - DISTRITO SANIT.ESP.INDIGENA - VILHENA";"10 - Saúde";"00 - NAO ATRIBUIDO";"4.573,22";"4.573,22";"4.573,22";"0,00";
"09/2019";"25000 - Ministério da Economia";"25000 - Ministério da Economia - Unidades com vínculo direto";"201057 - CENTRAL DE COMPRAS E CONTRATACOES - CENTRAL";"12 - Educação";"00 - NAO ATRIBUIDO";"25.617,53";"12.618,31";"12.618,31";"0,00";
"09/2019";"52000 - Ministério da Defesa";"52121 - Comando do Exército";"160474 - 4  BATALHAO DE INFANTARIA LEVE";"12 - Educação";"00 - NAO ATRIBUIDO";"24.496,31";"73.920,67";"73.920,67";"600,00";
"09/2019";"36000 - Ministério da Saúde";"36000 - Ministério da Saúde - Unidades com vínculo direto";"250033 - NUCLEO ESTADUAL DO MS/RS";"10 - Saúde";"00 - NAO ATRIBUIDO";"0,00";"23.214,73";"47.794,16";"0,00";
"09/2019";"25000 - Ministério da Economia";"20202 - Fundação Escola Nacional de Administração Pública";"114702 - FUNDACAO ESCOLA NACIONAL DE ADM. PUBLICA";"01 - Legislativa";"00 - NAO ATRIBUIDO";"60.480,00";"31.724,94";"31.724,94";"0,00";
"09/2019";"26000 - Ministério da Educação";"26238 - Universidade Federal de Minas Gerais";"153261 - HOSPITAL CLINICAS/UFMG";"10 - Saúde";"00 - NAO ATRIBUIDO";"0,00";"0,00";"0,00";"5.616,80";
"09/2019";"36000 - Ministério da Saúde";"36000 - Ministério da Saúde - Unidades com vínculo direto";"250037 - NUCLEO ESTADUAL DO MS-SP";"10 - Saúde";"00 - NAO ATRIBUIDO";"0,00";"71.426,83";"82.733,29";"0,00";
"09/2019";"52000 - Ministério da Defesa";"52121 - Comando do Exército";"160198 - 7.DEPOSITO DE SUPRIMENTO";"12 - Educação";"00 - NAO ATRIBUIDO";"0,00";"0,00";"0,00";"0,00";
"09/2019";"30000 - Ministério da Justiça e Segurança Pública";"30911 - Fundo Nacional de Segurança Pública";"200331 - SECRETARIA NACIONAL DE SEGURANCA PUBLICA";"06 - Segurança pública";"00 - NAO ATRIBUIDO";"0,00";"0,00";"0,00";"503.561,22";
"09/2019";"36000 - Ministério da Saúde";"36000 - Ministério da Saúde - Unidades com vínculo direto";"250031 - NUCLEO ESTADUAL DO MS/RJ";"10 - Saúde";"00 - NAO ATRIBUIDO";"0,00";"269.155,97";"248.499,84";"0,00";
"09/2019";"52000 - Ministério da Defesa";"52121 - Comando do Exército";"160454 - 28 BATALHAO DE CACADORES";"12 - Educação";"00 - NAO ATRIBUIDO";"0,00";"6.425,04";"6.425,04";"0,00";
"09/2019";"55000 - Ministério da Cidadania";"55000 - Ministério da Cidadania - Unidades com vínculo direto";"420006 - SECRETARIA DO AUDIOVISUAL/MINC";"13 - Cultura";"00 - NAO ATRIBUIDO";"400.380,00";"0,00";"0,00";"0,00";
"09/2019";"52000 - Ministério da Defesa";"52121 - Comando do Exército";"160004 - 59  BATALHAO DE INFANTARIA MOTORIZADO";"12 - Educação";"00 - NAO ATRIBUIDO";"2.359,84";"8.833,76";"8.833,76";"0,00";
"09/2019";"52000 - Ministério da Defesa";"52121 - Comando do Exército";"160027 - 4º BATALHÃO DE ENGENHARIA DE CONSTRUÇÃO";"12 - Educação";"00 - NAO ATRIBUIDO";"- 8,34";"0,00";"0,00";"0,00";
"09/2019";"36000 - Ministério da Saúde";"36000 - Ministério da Saúde - Unidades com vínculo direto";"250030 - NUCLEO ESTADUAL DO MS/PI";"10 - Saúde";"00 - NAO ATRIBUIDO";"0,00";"5.047,62";"5.047,62";"0,00";
"09/2019";"25000 - Ministério da Economia";"25915 - Fundo Constitucional do Distrito Federal";"170484 - FCDF-PMDF-DEPARTAMENTO DE GESTÃO DE PESSOAL";"04 - Administração";"00 - NAO ATRIBUIDO";"38.349.256,69";"38.338.475,75";"37.601.012,27";"0,00";
"09/2019";"52000 - Ministério da Defesa";"52121 - Comando do Exército";"160411 - 7 BATALHAO DE INFANTARIA BLINDADO";"12 - Educação";"00 - NAO ATRIBUIDO";"0,00";"0,00";"0,00";"0,00";
"09/2019";"52000 - Ministério da Defesa";"52000 - Ministério da Defesa - Unidades com vínculo direto";"110402 - ESCOLA SUPERIOR DE GUERRA";"05 - Defesa nacional";"00 - NAO ATRIBUIDO";"4.767,94";"4.767,94";"4.767,94";"0,00";
"09/2019";"20000 - Presidência da República";"20116 - Fundo de Imprensa Nacional";"110245 - FUNDO DE IMPRENSA NACIONAL/EXEC.ORC.FINANC.";"04 - Administração";"00 - NAO ATRIBUIDO";"0,00";"1.720,14";"1.720,14";"0,00";
"09/2019";"32000 - Ministério de Minas e Energia";"32396 - Agência Nacional de Mineração";"323100 - SETORIAL ORCAMENTARIA E FINANCEIRA - ANM";"22 - Indústria";"00 - NAO ATRIBUIDO";"0,00";"0,00";"0,00";"0,00";
"09/2019";"26000 - Ministério da Educação";"26271 - Fundação Universidade de Brasília";"154040 - FUNDACAO UNIVERSIDADE DE BRASILIA - FUB";"10 - Saúde";"00 - NAO ATRIBUIDO";"0,00";"0,00";"0,00";"32.000,00";
"09/2019";"24000 - Ministério da Ciência, Tecnologia, Inovações e Comunicações";"24000 - Ministério da Ciência, Tecnologia, Inovações e Comunicações - Unidades com vínculo direto";"240101 - COORDENACAO-GERAL DE RECURSOS LOGISTICOS";"19 - Ciência e Tecnologia";"00 - NAO ATRIBUIDO";"0,00";"0,00";"0,00";"62.479,87";
"09/2019";"26000 - Ministério da Educação";"26274 - Fundação Universidade Federal de Uberlândia ";"154043 - FUNDACAO UNIVERSIDADE FEDERAL DE UBERLANDIA";"12 - Educação";"00 - NAO ATRIBUIDO";"0,00";"0,00";"1.902,10";"0,00";
"09/2019";"26000 - Ministério da Educação";"26235 - Universidade Federal de Goiás";"153052 - UNIVERSIDADE FEDERAL DE GOIAS";"12 - Educação";"00 - NAO ATRIBUIDO";"1.902,10";"0,00";"0,00";"0,00";
"09/2019";"52000 - Ministério da Defesa";"52121 - Comando do Exército";"160204 - 25º BATALHÃO DE CAÇADORES";"12 - Educação";"00 - NAO ATRIBUIDO";"5.570,00";"0,00";"0,00";"0,00";
"09/2019";"39000 - Ministério da Infraestrutura";"39000 - Ministério da Infraestrutura - Unidades com vínculo direto";"390007 - COORDENACAO-GERAL DE GESTAO DE PESSOAS";"28 - Encargos especiais";"00 - NAO ATRIBUIDO";"0,00";"712.991,34";"706.849,31";"0,00";
"09/2019";"81000 - Ministério da Mulher, Família e Direitos Humanos";"81000 - Ministério da Mulher, Família e Direitos Humanos - Unidades com vínculo direto";"810006 - SECRETARIA NACIONAL DE PROTECAO GLOBAL";"28 - Encargos especiais";"00 - NAO ATRIBUIDO";"0,00";"6.000,00";"6.000,00";"0,00";
"09/2019";"81000 - Ministério da Mulher, Família e Direitos Humanos";"81000 - Ministério da Mulher, Família e Direitos Humanos - Unidades com vínculo direto";"810004 - COORDENACAO-GERAL DE GESTAO DE PESSOAS - MDH";"09 - Previdência social";"00 - NAO ATRIBUIDO";"0,00";"5.798,65";"5.798,65";"0,00";
"09/2019";"52000 - Ministério da Defesa";"52000 - Ministério da Defesa - Unidades com vínculo direto";"112408 - HOSPITAL DAS FORCAS ARMADAS";"09 - Previdência social";"00 - NAO ATRIBUIDO";"0,00";"2.631.226,01";"2.637.759,00";"0,00";
"09/2019";"36000 - Ministério da Saúde";"36000 - Ministério da Saúde - Unidades com vínculo direto";"250061 - HOSPITAL FEDERAL DOS SERVIDORES DO ESTADO";"10 - Saúde";"00 - NAO ATRIBUIDO";"35.068,15";"13.464,41";"17.918,23";"0,00";
"09/2019";"36000 - Ministério da Saúde";"36000 - Ministério da Saúde - Unidades com vínculo direto";"250052 - INSTITUTO NACIONAL DO CANCER - RJ";"10 - Saúde";"00 - NAO ATRIBUIDO";"0,00";"5.699,85";"8.731,88";"0,00";
"09/2019";"52000 - Ministério da Defesa";"52121 - Comando do Exército";"160018 - 12. BATALHAO DE SUPRIMENTO";"12 - Educação";"00 - NAO ATRIBUIDO";"17.013,14";"0,00";"0,00";"0,00";
"09/2019";"52000 - Ministério da Defesa";"52121 - Comando do Exército";"160171 - 8 BATALHAO DE ENGENHARIA DE CONSTRUCAO";"12 - Educação";"00 - NAO ATRIBUIDO";"9.954,55";"0,00";"0,00";"0,00";
"09/2019";"52000 - Ministério da Defesa";"52121 - Comando do Exército";"160174 - 15º BATALHÃO DE INFANTARIA MOTORIZADO";"12 - Educação";"00 - NAO ATRIBUIDO";"60.903,75";"7.466,00";"0,00";"0,00";
"09/2019";"55000 - Ministério da Cidadania";"55000 - Ministério da Cidadania - Unidades com vínculo direto";"550005 - COORDENACAO GERAL DE LICITACOES E CONTRATOS.";"28 - Encargos especiais";"00 - NAO ATRIBUIDO";"0,00";"7.603,77";"7.603,77";"0,00";
"09/2019";"55000 - Ministério da Cidadania";"55000 - Ministério da Cidadania - Unidades com vínculo direto";"550006 - COORDENACAO GERAL DE GESTAO DE PESSOAS/MC";"28 - Encargos especiais";"00 - NAO ATRIBUIDO";"0,00";"4.990,00";"4.990,00";"0,00";
"09/2019";"36000 - Ministério da Saúde";"36000 - Ministério da Saúde - Unidades com vínculo direto";"250021 - NUCLEO ESTADUAL DO MS/GO";"10 - Saúde";"00 - NAO ATRIBUIDO";"0,00";"14.972,98";"14.972,98";"0,00";
"09/2019";"36000 - Ministério da Saúde";"36000 - Ministério da Saúde - Unidades com vínculo direto";"250036 - NUCLEO ESTADUAL DO MS/SC";"10 - Saúde";"00 - NAO ATRIBUIDO";"0,00";"20.848,11";"20.848,11";"0,00";
"09/2019";"26000 - Ministério da Educação";"26271 - Fundação Universidade de Brasília";"154019 - CENTRO DE APOIO AO DESENVOLV. TECNOLOGICO-CDT";"01 - Legislativa";"00 - NAO ATRIBUIDO";"1.376,78";"113.400,00";"114.300,56";"0,00";
"09/2019";"52000 - Ministério da Defesa";"52121 - Comando do Exército";"160093 - 38  BATALHAO DE INFANTARIA";"12 - Educação";"00 - NAO ATRIBUIDO";"4.828,41";"6.200,00";"6.200,00";"0,00";
"09/2019";"26000 - Ministério da Educação";"26236 - Universidade Federal Fluminense";"153056 - UNIVERSIDADE FEDERAL FLUMINENSE";"01 - Legislativa";"00 - NAO ATRIBUIDO";"0,00";"4.247,29";"0,00";"0,00";
"09/2019";"52000 - Ministério da Defesa";"52121 - Comando do Exército";"160111 - COMANDO DA 4A BDA DE INFANTARIA LEVE MONTANHA";"12 - Educação";"00 - NAO ATRIBUIDO";"30.449,62";"2.101,00";"2.101,00";"0,00";
"09/2019";"25000 - Ministério da Economia";"25000 - Ministério da Economia - Unidades com vínculo direto";"170006 - COORDENACAO-GERAL DE GESTãO DE PESSOAS - MF";"12 - Educação";"00 - NAO ATRIBUIDO";"7.432,04";"7.432,04";"0,00";"0,00";
"09/2019";"52000 - Ministério da Defesa";"52121 - Comando do Exército";"160498 - 2º BATALHAO DE INFANTARIA LEVE";"12 - Educação";"00 - NAO ATRIBUIDO";"0,00";"13.152,91";"3.005,45";"0,00";
"09/2019";"36000 - Ministério da Saúde";"36000 - Ministério da Saúde - Unidades com vínculo direto";"250027 - NUCLEO ESTADUAL DO MS/PB";"10 - Saúde";"00 - NAO ATRIBUIDO";"0,00";"33.993,92";"28.303,82";"0,00";
"09/2019";"36000 - Ministério da Saúde";"36000 - Ministério da Saúde - Unidades com vínculo direto";"250028 - NUCLEO ESTADUAL DO MS/PR";"10 - Saúde";"00 - NAO ATRIBUIDO";"50.000,00";"29.339,27";"29.339,27";"0,00";
"09/2019";"36000 - Ministério da Saúde";"36000 - Ministério da Saúde - Unidades com vínculo direto";"250032 - NUCLEO ESTADUAL DO MS/RN";"10 - Saúde";"00 - NAO ATRIBUIDO";"0,00";"5.374,01";"5.374,01";"0,00";
"09/2019";"55000 - Ministério da Cidadania";"34902 - Fundo Nacional de Cultura";"340034 - SECRET. DE FOMENTO E INCENT. A CULTURA/FNC";"13 - Cultura";"Sem informação";"0,00";"0,00";"0,00";"0,00";
"09/2019";"25000 - Ministério da Economia";"25000 - Ministério da Economia - Unidades com vínculo direto";"170597 - DPTO CENTRAL.SERV. DE INATIVOS E PENSIONISTAS";"04 - Administração";"00 - NAO ATRIBUIDO";"0,00";"110.025,56";"109.827,10";"0,00";
"09/2019";"52000 - Ministério da Defesa";"52121 - Comando do Exército";"160202 - 3º BATALHÃO DE ENGENHARIA DE CONSTRUÇÃO";"12 - Educação";"00 - NAO ATRIBUIDO";"- 646,75";"4.635,28";"4.635,28";"0,00";
"09/2019";"26000 - Ministério da Educação";"26428 - Instituto Federal de Brasília";"152147 - IFB - CAMPUS RIACHO FUNDO";"12 - Educação";"00 - NAO ATRIBUIDO";"92.769,54";"174.011,04";"76.963,73";"19.522,24";
"09/2019";"39000 - Ministério da Infraestrutura";"39253 - Empresa de Planejamento e Logística S.A.";"395001 - EMPRESA DE PLANEJAMENTO E LOGISTICA S.A - EPL";"26 - Transporte";"Sem informação";"0,00";"0,00";"0,00";"357,00";
"09/2019";"81000 - Ministério da Mulher, Família e Direitos Humanos";"81000 - Ministério da Mulher, Família e Direitos Humanos - Unidades com vínculo direto";"810012 - SECRETARIA NACIONAL DE POLITICAS P/ MULHERES";"14 - Direitos da cidadania";"00 - NAO ATRIBUIDO";"0,00";"0,00";"0,00";"37.386,00";
"09/2019";"25000 - Ministério da Economia";"25915 - Fundo Constitucional do Distrito Federal";"170394 - FCDF±SSP±CORPO BOMBEIRO MILITAR DO DF";"09 - Previdência social";"00 - NAO ATRIBUIDO";"10.777.099,07";"10.777.580,75";"10.778.023,61";"0,00";
"09/2019";"35000 - Ministério das Relações Exteriores";"35000 - Ministério das Relações Exteriores - Unidades com vínculo direto";"240053 - CONSULADO-GERAL DO BRASIL EM BOSTON";"02 - Judiciária";"00 - NAO ATRIBUIDO";"155,40";"155,40";"155,40";"0,00";
"09/2019";"36000 - Ministério da Saúde";"36201 - Fundação Oswaldo Cruz";"254420 - FUNDAÇÃO OSWALDO CRUZ";"10 - Saúde";"00 - NAO ATRIBUIDO";"0,00";"155.000,00";"0,00";"0,00";
"09/2019";"52000 - Ministério da Defesa";"52121 - Comando do Exército";"160206 - 30 BATALHAO DE INFANTARIA MECANIZADO";"12 - Educação";"00 - NAO ATRIBUIDO";"0,00";"1.818,56";"0,00";"0,00";
"09/2019";"25000 - Ministério da Economia";"25915 - Fundo Constitucional do Distrito Federal";"170395 - FCDF±SSP ± POLICIA CIVIL DO DF";"09 - Previdência social";"00 - NAO ATRIBUIDO";"78.358.697,00";"78.366.741,56";"75.953.722,27";"0,00";
"09/2019";"36000 - Ministério da Saúde";"36000 - Ministério da Saúde - Unidades com vínculo direto";"250103 - HOSPITAL FEDERAL DE IPANEMA";"10 - Saúde";"00 - NAO ATRIBUIDO";"10.000,00";"4.836,01";"4.836,01";"0,00";
"09/2019";"52000 - Ministério da Defesa";"52121 - Comando do Exército";"160348 - 5 BATALHAO DE ENGENHARIA DE CONSTRUCAO";"12 - Educação";"00 - NAO ATRIBUIDO";"- 305,00";"11.439,93";"6.025,00";"0,00";
"09/2019";"37000 - Controladoria-Geral da União";"37000 - Controladoria-Geral da União - Unidades com vínculo direto";"370002 - COORDENçãO-GERAL DE GESTãO DE PESSOAS";"01 - Legislativa";"00 - NAO ATRIBUIDO";"10.427,01";"10.427,00";"10.427,00";"0,00";
"09/2019";"52000 - Ministério da Defesa";"52121 - Comando do Exército";"160130 - 36º BATALHãO DE INFANTARIA MECANIZADO";"12 - Educação";"00 - NAO ATRIBUIDO";"131,47";"0,00";"0,00";"0,00";
"09/2019";"36000 - Ministério da Saúde";"36000 - Ministério da Saúde - Unidades com vínculo direto";"250024 - NUCLEO ESTADUAL DO MS/MS";"10 - Saúde";"00 - NAO ATRIBUIDO";"0,00";"5.725,10";"10.859,25";"0,00";
"09/2019";"32000 - Ministério de Minas e Energia";"32000 - Ministério de Minas e Energia - Unidades com vínculo direto";"320004 - COORDENACAO GERAL DE RECURSOS LOGISTICOS-CGRL";"25 - Energia";"00 - NAO ATRIBUIDO";"79.070,55";"0,00";"0,00";"0,00";
"09/2019";"25000 - Ministério da Economia";"25915 - Fundo Constitucional do Distrito Federal";"170394 - FCDF±SSP±CORPO BOMBEIRO MILITAR DO DF";"04 - Administração";"00 - NAO ATRIBUIDO";"17.011.379,71";"17.056.131,24";"16.424.478,88";"0,00";
"09/2019";"26000 - Ministério da Educação";"26271 - Fundação Universidade de Brasília";"154106 - HOSPITAL UNIVERSITARIO DE BRASILIA - HUB";"09 - Previdência social";"00 - NAO ATRIBUIDO";"0,00";"98.561,64";"98.561,64";"0,00";
"09/2019";"52000 - Ministério da Defesa";"52121 - Comando do Exército";"160524 - 15 BATALHAO LOGISTICO";"12 - Educação";"00 - NAO ATRIBUIDO";"0,00";"0,00";"0,00";"0,00";
"09/2019";"24000 - Ministério da Ciência, Tecnologia, Inovações e Comunicações";"20501 - Conselho Nacional de Desenvolvimento Científico e Tecnológico";"364102 - CONSELHO NAC DE DESENV CIENT E TECNOLOGICO";"09 - Previdência social";"00 - NAO ATRIBUIDO";"0,00";"9.865.720,68";"9.802.168,96";"0,00";
"09/2019";"25000 - Ministério da Economia";"25915 - Fundo Constitucional do Distrito Federal";"170485 - DEPARTAMENTO DE SAÚDE E ASSIST. DE PESSOAL";"28 - Encargos especiais";"00 - NAO ATRIBUIDO";"275.853,61";"26.613.894,34";"21.443.588,56";"833.468,86";
"09/2019";"39000 - Ministério da Infraestrutura";"39252 - Departamento Nacional de Infraestrutura de Transportes";"393003 - DEPART.NAC.INFRA ESTRUTURA TRANSPORTES.";"26 - Transporte";"00 - NAO ATRIBUIDO";"324.773,63";"0,00";"32.577,77";"0,00";
"09/2019";"52000 - Ministério da Defesa";"52121 - Comando do Exército";"160482 - COMANDO/1A BRIGADA DE INFANTARIA DE SELVA";"12 - Educação";"00 - NAO ATRIBUIDO";"67.692,30";"8.400,00";"0,00";"0,00";
"09/2019";"55000 - Ministério da Cidadania";"55000 - Ministério da Cidadania - Unidades com vínculo direto";"550006 - COORDENACAO GERAL DE GESTAO DE PESSOAS/MC";"09 - Previdência social";"00 - NAO ATRIBUIDO";"933.069,31";"2.858.683,61";"2.543.559,44";"0,00";
"09/2019";"32000 - Ministério de Minas e Energia";"32210 - Agência Nacional de Energia Elétrica";"323028 - AGENCIA NACIONAL DE ENERGIA ELETRICA";"09 - Previdência social";"00 - NAO ATRIBUIDO";"106.714,00";"315.254,41";"315.254,41";"0,00";
"09/2019";"36000 - Ministério da Saúde";"36000 - Ministério da Saúde - Unidades com vínculo direto";"250019 - NUCLEO ESTADUAL DO MS/ES";"10 - Saúde";"00 - NAO ATRIBUIDO";"0,00";"12.963,08";"12.963,08";"0,00";
"09/2019";"26000 - Ministério da Educação";"26271 - Fundação Universidade de Brasília";"154040 - FUNDACAO UNIVERSIDADE DE BRASILIA - FUB";"01 - Legislativa";"00 - NAO ATRIBUIDO";"14.481,38";"9.351,78";"9.351,78";"0,00";
"09/2019";"52000 - Ministério da Defesa";"52121 - Comando do Exército";"160033 - 19º BATALHÃO DE CACADORES";"12 - Educação";"00 - NAO ATRIBUIDO";"5.289,36";"0,00";"0,00";"0,00";
"09/2019";"26000 - Ministério da Educação";"26428 - Instituto Federal de Brasília";"152143 - IFB - CAMPUS RECANTO DAS EMAS";"12 - Educação";"00 - NAO ATRIBUIDO";"135.145,42";"112.943,35";"82.027,05";"12.475,00";
"09/2019";"53000 - Ministério do Desenvolvimento Regional";"53000 - Ministério do Desenvolvimento Regional - Unidades com vínculo direto";"175004 - CAIXA ECONOMICA FEDERAL - PROGRAMAS SOCIAIS";"15 - Urbanismo";"00 - NAO ATRIBUIDO";"1.012.669,00";"0,00";"0,00";"0,00";
"09/2019";"52000 - Ministério da Defesa";"52121 - Comando do Exército";"160433 - 19 BATALHAO DE INFANTARIA MOTORIZADO";"12 - Educação";"00 - NAO ATRIBUIDO";"0,00";"3.533,72";"495,66";"0,00";
"09/2019";"53000 - Ministério do Desenvolvimento Regional";"44205 - Agência Nacional de Águas";"443001 - AGENCIA NACIONAL DE AGUAS - COGEF/SAF/ANA";"09 - Previdência social";"00 - NAO ATRIBUIDO";"0,00";"255.129,89";"247.696,99";"0,00";
"09/2019";"36000 - Ministério da Saúde";"36000 - Ministério da Saúde - Unidades com vínculo direto";"250006 - COORDENACAO-GERAL DE GESTAO DE PESSOAS";"28 - Encargos especiais";"00 - NAO ATRIBUIDO";"0,00";"330.075,18";"333.069,18";"0,00";
"09/2019";"52000 - Ministério da Defesa";"52000 - Ministério da Defesa - Unidades com vínculo direto";"112408 - HOSPITAL DAS FORCAS ARMADAS";"05 - Defesa nacional";"Sem informação";"0,00";"473.000,70";"473.884,55";"0,00";
"09/2019";"25000 - Ministério da Economia";"25915 - Fundo Constitucional do Distrito Federal";"170397 - FCDF - SECRETARIA DE SAUDE";"28 - Encargos especiais";"00 - NAO ATRIBUIDO";"352.000.000,00";"320.000.000,00";"320.000.000,00";"0,00";
"09/2019";"26000 - Ministério da Educação";"26290 - Instituto Nacional de Estudos e Pesquisas Educacionais Anísio Teixeira";"153978 - INST.NACIONAL DE EST.E PESQUISAS EDUCACIONAIS";"09 - Previdência social";"00 - NAO ATRIBUIDO";"252.859,88";"590.994,90";"587.142,13";"0,00";
"09/2019";"26000 - Ministério da Educação";"26428 - Instituto Federal de Brasília";"152141 - IFB - CAMPUS SAMAMBAIA";"12 - Educação";"00 - NAO ATRIBUIDO";"50.020,17";"144.350,00";"115.706,32";"0,00";
"09/2019";"52000 - Ministério da Defesa";"52121 - Comando do Exército";"160388 - 3 REGIMENTO DE CAVALARIA DE GUARDA";"12 - Educação";"00 - NAO ATRIBUIDO";"6.919,87";"0,00";"0,00";"0,00";
"09/2019";"35000 - Ministério das Relações Exteriores";"35201 - Fundação Alexandre de Gusmão";"244001 - FUNDACAO ALEXANDRE DE GUSMAO";"07 - Relações exteriores";"00 - NAO ATRIBUIDO";"- 4.019,90";"38.027,57";"38.436,85";"0,00";
"09/2019";"36000 - Ministério da Saúde";"36000 - Ministério da Saúde - Unidades com vínculo direto";"250023 - NUCLEO ESTADUAL DO MS/MT";"10 - Saúde";"00 - NAO ATRIBUIDO";"0,00";"6.109,22";"6.109,22";"0,00";
"09/2019";"32000 - Ministério de Minas e Energia";"32396 - Agência Nacional de Mineração";"323103 - AGÊNCIA NACIONAL DE MINERAÇÃO - ANM - FOPAG";"09 - Previdência social";"00 - NAO ATRIBUIDO";"10.100.000,00";"4.941.376,40";"4.913.571,05";"0,00";
"09/2019";"24000 - Ministério da Ciência, Tecnologia, Inovações e Comunicações";"20402 - Agência Espacial Brasileira";"203001 - AGENCIA ESPACIAL BRASILEIRA/AEB";"09 - Previdência social";"00 - NAO ATRIBUIDO";"0,00";"30.554,89";"30.554,89";"0,00";
"09/2019";"26000 - Ministério da Educação";"26428 - Instituto Federal de Brasília";"152146 - IFB - CAMPUS ESTRUTURAL";"12 - Educação";"00 - NAO ATRIBUIDO";"76.768,66";"159.844,33";"99.368,79";"38.560,86";
"09/2019";"52000 - Ministério da Defesa";"52121 - Comando do Exército";"160118 - COMANDO DA 4ª REGIÃO MILITAR";"12 - Educação";"00 - NAO ATRIBUIDO";"0,00";"1.482,30";"1.482,30";"0,00";
"09/2019";"26000 - Ministério da Educação";"26298 - Fundo Nacional de Desenvolvimento da Educação";"153173 - FUNDO NACIONAL DE DESENVOLVIMENTO DA EDUCACAO";"09 - Previdência social";"00 - NAO ATRIBUIDO";"0,00";"5.350.424,49";"5.286.536,87";"0,00";
"09/2019";"52000 - Ministério da Defesa";"52121 - Comando do Exército";"160343 - 7º BATALHÃO DE ENGENHARIA DE COMBATE";"12 - Educação";"00 - NAO ATRIBUIDO";"0,00";"61.616,68";"44.716,68";"0,00";
"09/2019";"25000 - Ministério da Economia";"25915 - Fundo Constitucional do Distrito Federal";"170399 - FCDF - SECRETARIA DE EDUCACAO";"28 - Encargos especiais";"00 - NAO ATRIBUIDO";"248.000.000,00";"198.000.000,00";"198.000.000,00";"0,00";
"09/2019";"36000 - Ministério da Saúde";"36000 - Ministério da Saúde - Unidades com vínculo direto";"250025 - NUCLEO ESTADUAL DO MS/MG";"10 - Saúde";"00 - NAO ATRIBUIDO";"0,00";"42.326,42";"42.326,42";"0,00";
"09/2019";"25000 - Ministério da Economia";"25915 - Fundo Constitucional do Distrito Federal";"170484 - FCDF-PMDF-DEPARTAMENTO DE GESTÃO DE PESSOAL";"09 - Previdência social";"00 - NAO ATRIBUIDO";"21.832.573,93";"21.827.308,72";"21.788.822,34";"352.268,49";
"09/2019";"36000 - Ministério da Saúde";"36000 - Ministério da Saúde - Unidades com vínculo direto";"250107 - CEF-PROGRAMAS DO MINISTERIO DA SAUDE";"10 - Saúde";"00 - NAO ATRIBUIDO";"0,00";"0,00";"0,00";"0,00";
"09/2019";"30000 - Ministério da Justiça e Segurança Pública";"30000 - Ministério da Justiça e Segurança Pública - Unidades com vínculo direto";"200325 - COORDENAÇÃO DE GESTÃO DE PESSOAS - DEPEN";"06 - Segurança pública";"00 - NAO ATRIBUIDO";"0,00";"1.565.005,27";"1.618.702,39";"0,00";
"09/2019";"20000 - Presidência da República";"60000 - Gabinete da Vice-Presidência da República";"110101 - GABINETE DA VICE-PRESIDENCIA DA REPUBLICA";"04 - Administração";"00 - NAO ATRIBUIDO";"594.307,18";"752.385,19";"763.610,88";"0,00";
"09/2019";"44000 - Ministério do Meio Ambiente";"44000 - Ministério do Meio Ambiente - Unidades com vínculo direto";"440001 - SUBSECRET.DE PLANEJ.,ORC.E ADMINIST.±SPOA/MMA";"09 - Previdência social";"00 - NAO ATRIBUIDO";"0,00";"1.150.268,70";"1.150.289,17";"0,00";
"09/2019";"25000 - Ministério da Economia";"25915 - Fundo Constitucional do Distrito Federal";"170495 - FCDF - CBMDF - ASSISTENCIA MEDICA";"28 - Encargos especiais";"00 - NAO ATRIBUIDO";"4.465.780,46";"9.330.862,21";"9.223.128,60";"33.299,78";
"09/2019";"36000 - Ministério da Saúde";"36000 - Ministério da Saúde - Unidades com vínculo direto";"250035 - NUCLEO ESTADUAL DO MS/RR";"10 - Saúde";"00 - NAO ATRIBUIDO";"6.000,00";"5.789,46";"5.789,46";"0,00";
"09/2019";"55000 - Ministério da Cidadania";"55000 - Ministério da Cidadania - Unidades com vínculo direto";"550006 - COORDENACAO GERAL DE GESTAO DE PESSOAS/MC";"08 - Assistência social";"00 - NAO ATRIBUIDO";"0,00";"79.425,77";"412.562,62";"0,00";
"09/2019";"30000 - Ministério da Justiça e Segurança Pública";"30000 - Ministério da Justiça e Segurança Pública - Unidades com vínculo direto";"200006 - COORDENACAO-GERAL DE GESTÃO DE PESSOAS-CGGP";"14 - Direitos da cidadania";"00 - NAO ATRIBUIDO";"0,00";"806.496,15";"806.496,15";"0,00";
"09/2019";"26000 - Ministério da Educação";"26291 - Fundação Coordenação de Aperfeiçoamento de Pessoal de Nível Superior";"154003 - FUND.COORD.DE APERF.DE PESSOAL NIVEL SUPERIOR";"09 - Previdência social";"00 - NAO ATRIBUIDO";"0,00";"1.739.644,71";"1.749.082,97";"0,00";
"09/2019";"26000 - Ministério da Educação";"26271 - Fundação Universidade de Brasília";"154040 - FUNDACAO UNIVERSIDADE DE BRASILIA - FUB";"28 - Encargos especiais";"00 - NAO ATRIBUIDO";"0,00";"332,66";"332,66";"0,00";
"09/2019";"25000 - Ministério da Economia";"20202 - Fundação Escola Nacional de Administração Pública";"114702 - FUNDACAO ESCOLA NACIONAL DE ADM. PUBLICA";"04 - Administração";"00 - NAO ATRIBUIDO";"296.504,81";"4.040.034,32";"4.070.438,11";"0,00";
"09/2019";"44000 - Ministério do Meio Ambiente";"20701 - Instituto Brasileiro do Meio Ambiente e dos Recursos Naturais Renováveis";"193099 - IBAMA - COORDENACAO-GERAL DE FINANCAS - CGFIN";"18 - Gestão ambiental";"00 - NAO ATRIBUIDO";"0,00";"0,00";"0,00";"451.059,25";
"09/2019";"36000 - Ministério da Saúde";"36000 - Ministério da Saúde - Unidades com vínculo direto";"250026 - NUCLEO ESTADUAL DO MS/PA";"10 - Saúde";"00 - NAO ATRIBUIDO";"0,00";"13.317,29";"13.317,29";"0,00";
"09/2019";"26000 - Ministério da Educação";"26271 - Fundação Universidade de Brasília";"154078 - EDITORA DA UNIVERSIDADE DE BRASILIA (EDU)";"12 - Educação";"00 - NAO ATRIBUIDO";"18.520,00";"12.635,46";"12.552,45";"5.488,35";
"09/2019";"26000 - Ministério da Educação";"26000 - Ministério da Educação - Unidades com vínculo direto";"150002 - SUBSECRETARIA DE ASSUNTOS ADMINISTRATIVOS/MEC";"09 - Previdência social";"00 - NAO ATRIBUIDO";"17.093.733,84";"17.049.704,06";"16.920.012,78";"0,00";
"09/2019";"35000 - Ministério das Relações Exteriores";"35000 - Ministério das Relações Exteriores - Unidades com vínculo direto";"240017 - ESCRITORIO FINANCEIRO EM NOVA IORQUE";"02 - Judiciária";"00 - NAO ATRIBUIDO";"1.665,76";"1.665,76";"1.665,76";"0,00";
"09/2019";"52000 - Ministério da Defesa";"52000 - Ministério da Defesa - Unidades com vínculo direto";"112408 - HOSPITAL DAS FORCAS ARMADAS";"05 - Defesa nacional";"00 - NAO ATRIBUIDO";"2.291.373,48";"12.459.360,77";"11.933.820,08";"0,00";
"09/2019";"30000 - Ministério da Justiça e Segurança Pública";"30000 - Ministério da Justiça e Segurança Pública - Unidades com vínculo direto";"200006 - COORDENACAO-GERAL DE GESTÃO DE PESSOAS-CGGP";"09 - Previdência social";"00 - NAO ATRIBUIDO";"- 33.788,64";"9.590.465,17";"9.700.714,10";"0,00";
"09/2019";"52000 - Ministério da Defesa";"52000 - Ministério da Defesa - Unidades com vínculo direto";"110511 - CENTRO GESTOR OP. SISTEMA PROTECAO AMAZÔNIA";"05 - Defesa nacional";"00 - NAO ATRIBUIDO";"243.320,51";"243.320,51";"257.758,96";"0,00";
"09/2019";"52000 - Ministério da Defesa";"52121 - Comando do Exército";"160177 - 71 BATALHAO DE INFANTARIA MOTORIZADO";"12 - Educação";"00 - NAO ATRIBUIDO";"- 21,02";"0,00";"0,00";"431,36";
"09/2019";"26000 - Ministério da Educação";"26443 - Empresa Brasileira de Serviços Hospitalares";"155009 - EBSERH HUB-UNB";"10 - Saúde";"00 - NAO ATRIBUIDO";"1.847.981,49";"2.483.413,23";"4.630.207,62";"1.677,04";
"09/2019";"36000 - Ministério da Saúde";"36000 - Ministério da Saúde - Unidades com vínculo direto";"250006 - COORDENACAO-GERAL DE GESTAO DE PESSOAS";"09 - Previdência social";"00 - NAO ATRIBUIDO";"1.315.921,36";"629.868.557,22";"628.067.616,16";"0,00";
"09/2019";"39000 - Ministério da Infraestrutura";"39000 - Ministério da Infraestrutura - Unidades com vínculo direto";"390007 - COORDENACAO-GERAL DE GESTAO DE PESSOAS";"26 - Transporte";"00 - NAO ATRIBUIDO";"0,00";"17.111.790,66";"18.112.678,58";"0,00";
"09/2019";"26000 - Ministério da Educação";"26298 - Fundo Nacional de Desenvolvimento da Educação";"153173 - FUNDO NACIONAL DE DESENVOLVIMENTO DA EDUCACAO";"12 - Educação";"00 - NAO ATRIBUIDO";"9.781.175,96";"10.985.878,96";"10.920.374,04";"627.465,95";
"09/2019";"39000 - Ministério da Infraestrutura";"39253 - Empresa de Planejamento e Logística S.A.";"395001 - EMPRESA DE PLANEJAMENTO E LOGISTICA S.A - EPL";"26 - Transporte";"00 - NAO ATRIBUIDO";"- 100.000,00";"2.562.013,40";"2.428.884,85";"0,00";
"09/2019";"36000 - Ministério da Saúde";"36000 - Ministério da Saúde - Unidades com vínculo direto";"250059 - INSTITUTO NACIONAL DE CARDIOLOGIA";"10 - Saúde";"00 - NAO ATRIBUIDO";"0,00";"3.882,43";"3.882,43";"0,00";
"09/2019";"55000 - Ministério da Cidadania";"20408 - Fundação Cultural Palmares";"344041 - FCP-FUNDACAO CULTURAL PALMARES";"13 - Cultura";"00 - NAO ATRIBUIDO";"0,00";"527.334,92";"549.321,85";"736.614,79";
"09/2019";"20000 - Presidência da República";"20101 - Presidência da República";"110001 - SECRETARIA ESPECIAL DE ADMINISTRACAO/PR";"04 - Administração";"00 - NAO ATRIBUIDO";"529.000,00";"950.919,74";"957.213,70";"0,00";
"09/2019";"54000 - Ministério do Turismo";"54000 - Ministério do Turismo - Unidades com vínculo direto";"540004 - COORD. GERAL DE RECURSOS LOGISTICOS - CGRL";"23 - Comércio e serviços";"00 - NAO ATRIBUIDO";"0,00";"2.518.030,50";"2.529.677,16";"0,00";
"09/2019";"39000 - Ministério da Infraestrutura";"39000 - Ministério da Infraestrutura - Unidades com vínculo direto";"390007 - COORDENACAO-GERAL DE GESTAO DE PESSOAS";"09 - Previdência social";"00 - NAO ATRIBUIDO";"0,00";"226.884.231,17";"228.363.204,82";"0,00";
"09/2019";"20000 - Presidência da República";"24208 - Instituto Nacional de Tecnologia da Informação";"243001 - INSTITUTO NAC.DE TECNOLOGIA DA INFORMACAO ITI";"04 - Administração";"00 - NAO ATRIBUIDO";"2.060.008,00";"710.876,35";"742.671,98";"0,00";
"09/2019";"25000 - Ministério da Economia";"25000 - Ministério da Economia - Unidades com vínculo direto";"170597 - DPTO CENTRAL.SERV. DE INATIVOS E PENSIONISTAS";"09 - Previdência social";"00 - NAO ATRIBUIDO";"0,00";"9.079.236,89";"9.196.586,98";"0,00";
"09/2019";"25000 - Ministério da Economia";"20202 - Fundação Escola Nacional de Administração Pública";"114702 - FUNDACAO ESCOLA NACIONAL DE ADM. PUBLICA";"09 - Previdência social";"00 - NAO ATRIBUIDO";"4.060,00";"533.508,86";"530.986,60";"0,00";
"09/2019";"26000 - Ministério da Educação";"26428 - Instituto Federal de Brasília";"152142 - IFB - CAMPUS BRASÍLIA";"12 - Educação";"00 - NAO ATRIBUIDO";"293.286,31";"340.997,10";"220.598,33";"6.284,87";
"09/2019";"36000 - Ministério da Saúde";"36000 - Ministério da Saúde - Unidades com vínculo direto";"250034 - NUCLEO ESTADUAL DO MS/RO";"10 - Saúde";"00 - NAO ATRIBUIDO";"0,00";"5.985,71";"5.985,71";"0,00";
"09/2019";"44000 - Ministério do Meio Ambiente";"44000 - Ministério do Meio Ambiente - Unidades com vínculo direto";"440001 - SUBSECRET.DE PLANEJ.,ORC.E ADMINIST.±SPOA/MMA";"18 - Gestão ambiental";"00 - NAO ATRIBUIDO";"83.581,80";"8.449.605,50";"8.476.567,30";"65.140,59";
"09/2019";"32000 - Ministério de Minas e Energia";"32210 - Agência Nacional de Energia Elétrica";"323028 - AGENCIA NACIONAL DE ENERGIA ELETRICA";"25 - Energia";"00 - NAO ATRIBUIDO";"0,00";"14.522.941,22";"14.539.204,51";"0,00";
"09/2019";"26000 - Ministério da Educação";"26271 - Fundação Universidade de Brasília";"154019 - CENTRO DE APOIO AO DESENVOLV. TECNOLOGICO-CDT";"12 - Educação";"00 - NAO ATRIBUIDO";"51.783,00";"102.754,81";"17.992,69";"1.507,58";
"09/2019";"25000 - Ministério da Economia";"25915 - Fundo Constitucional do Distrito Federal";"170395 - FCDF±SSP ± POLICIA CIVIL DO DF";"28 - Encargos especiais";"00 - NAO ATRIBUIDO";"81.117.984,35";"85.670.557,29";"84.817.741,06";"6.366.990,24";
"09/2019";"26000 - Ministério da Educação";"26271 - Fundação Universidade de Brasília";"154079 - CENTRO DE SEL.E DE PROM DE EVENTOS (CESPE)";"12 - Educação";"00 - NAO ATRIBUIDO";"35.960,00";"37.635,17";"37.635,17";"57.330,16";
"09/2019";"55000 - Ministério da Cidadania";"20408 - Fundação Cultural Palmares";"344041 - FCP-FUNDACAO CULTURAL PALMARES";"09 - Previdência social";"00 - NAO ATRIBUIDO";"0,00";"145.391,85";"145.391,85";"0,00";
"09/2019";"52000 - Ministério da Defesa";"52121 - Comando do Exército";"160528 - BASE ADMINISTRATIVA DO C COM G EX";"05 - Defesa nacional";"00 - NAO ATRIBUIDO";"0,00";"0,00";"0,00";"23.608,87";
"09/2019";"36000 - Ministério da Saúde";"36000 - Ministério da Saúde - Unidades com vínculo direto";"250006 - COORDENACAO-GERAL DE GESTAO DE PESSOAS";"10 - Saúde";"00 - NAO ATRIBUIDO";"- 566.225.442,74";"470.470.510,98";"474.443.096,38";"0,00";
"09/2019";"55000 - Ministério da Cidadania";"55000 - Ministério da Cidadania - Unidades com vínculo direto";"550006 - COORDENACAO GERAL DE GESTAO DE PESSOAS/MC";"04 - Administração";"00 - NAO ATRIBUIDO";"9.545.260,00";"9.695.647,94";"9.664.407,45";"0,00";
"09/2019";"26000 - Ministério da Educação";"26271 - Fundação Universidade de Brasília";"154106 - HOSPITAL UNIVERSITARIO DE BRASILIA - HUB";"12 - Educação";"00 - NAO ATRIBUIDO";"- 273.627,66";"5.971.968,00";"5.990.010,21";"0,00";
"09/2019";"25000 - Ministério da Economia";"25915 - Fundo Constitucional do Distrito Federal";"170393 - FCDF±SSP ± POLICIA MILITAR DO DF";"28 - Encargos especiais";"00 - NAO ATRIBUIDO";"6.675.083,87";"28.370.153,69";"27.770.336,79";"0,00";
"09/2019";"32000 - Ministério de Minas e Energia";"32000 - Ministério de Minas e Energia - Unidades com vínculo direto";"320005 - COORD.GERAL DE RECURSOS HUMANOS/M.M.E";"25 - Energia";"00 - NAO ATRIBUIDO";"- 400.000,00";"7.452.953,14";"7.471.337,21";"0,00";
"09/2019";"81000 - Ministério da Mulher, Família e Direitos Humanos";"81000 - Ministério da Mulher, Família e Direitos Humanos - Unidades com vínculo direto";"810004 - COORDENACAO-GERAL DE GESTAO DE PESSOAS - MDH";"14 - Direitos da cidadania";"00 - NAO ATRIBUIDO";"304.000,00";"4.480.454,62";"4.417.745,81";"41.933,72";
"09/2019";"30000 - Ministério da Justiça e Segurança Pública";"30211 - Conselho Administrativo de Defesa Econômica";"303001 - CONSELHO ADMINISTRATIVO DE DEFESA ECONOMICA";"14 - Direitos da cidadania";"00 - NAO ATRIBUIDO";"0,00";"958.135,99";"898.150,85";"0,00";
"09/2019";"55000 - Ministério da Cidadania";"55000 - Ministério da Cidadania - Unidades com vínculo direto";"180006 - CEF/MINISTERIO DO ESPORTE";"27 - Desporto e lazer";"00 - NAO ATRIBUIDO";"0,00";"0,00";"0,00";"0,00";
"09/2019";"53000 - Ministério do Desenvolvimento Regional";"44205 - Agência Nacional de Águas";"443001 - AGENCIA NACIONAL DE AGUAS - COGEF/SAF/ANA";"18 - Gestão ambiental";"00 - NAO ATRIBUIDO";"1.529,98";"7.482.773,30";"7.487.676,92";"0,00";
"09/2019";"20000 - Presidência da República";"20116 - Fundo de Imprensa Nacional";"110247 - FUNDO DE IMPRENSA NACIONAL/COORD. REC. HUMAN.";"04 - Administração";"00 - NAO ATRIBUIDO";"0,00";"1.477.995,94";"1.980.787,30";"0,00";
"09/2019";"26000 - Ministério da Educação";"26428 - Instituto Federal de Brasília";"152139 - IFB - CAMPUS GAMA";"12 - Educação";"00 - NAO ATRIBUIDO";"157.878,24";"156.547,79";"155.670,57";"0,00";
"09/2019";"26000 - Ministério da Educação";"26428 - Instituto Federal de Brasília";"152140 - IFB - CAMPUS TAGUATINGA NORTE";"12 - Educação";"00 - NAO ATRIBUIDO";"174.823,37";"139.595,99";"136.769,24";"0,00";
"09/2019";"26000 - Ministério da Educação";"26428 - Instituto Federal de Brasília";"158143 - IFB - REITORIA - BRASÍLIA-DF";"09 - Previdência social";"00 - NAO ATRIBUIDO";"167.490,71";"167.490,71";"139.897,43";"0,00";
"09/2019";"26000 - Ministério da Educação";"26000 - Ministério da Educação - Unidades com vínculo direto";"150002 - SUBSECRETARIA DE ASSUNTOS ADMINISTRATIVOS/MEC";"12 - Educação";"00 - NAO ATRIBUIDO";"6.797.785,09";"14.149.199,14";"15.232.972,50";"1.321.515,59";
"09/2019";"24000 - Ministério da Ciência, Tecnologia, Inovações e Comunicações";"20501 - Conselho Nacional de Desenvolvimento Científico e Tecnológico";"364102 - CONSELHO NAC DE DESENV CIENT E TECNOLOGICO";"19 - Ciência e Tecnologia";"00 - NAO ATRIBUIDO";"0,00";"6.558.618,95";"6.605.802,26";"1.494,23";
"09/2019";"36000 - Ministério da Saúde";"36000 - Ministério da Saúde - Unidades com vínculo direto";"257001 - DIRETORIA EXECUTIVA DO FUNDO NAC. DE SAUDE";"10 - Saúde";"00 - NAO ATRIBUIDO";"19.894.517,50";"78.409.448,17";"78.409.448,17";"0,00";
"09/2019";"52000 - Ministério da Defesa";"52121 - Comando do Exército";"160122 - 55 BATALHAO DE INFANTARIA";"12 - Educação";"00 - NAO ATRIBUIDO";"27.863,69";"0,00";"0,00";"0,00";
"09/2019";"30000 - Ministério da Justiça e Segurança Pública";"30211 - Conselho Administrativo de Defesa Econômica";"303001 - CONSELHO ADMINISTRATIVO DE DEFESA ECONOMICA";"09 - Previdência social";"00 - NAO ATRIBUIDO";"2.447,40";"57.693,26";"58.345,90";"0,00";
"09/2019";"32000 - Ministério de Minas e Energia";"32396 - Agência Nacional de Mineração";"323103 - AGÊNCIA NACIONAL DE MINERAÇÃO - ANM - FOPAG";"22 - Indústria";"00 - NAO ATRIBUIDO";"20.000.000,00";"15.898.021,60";"16.185.051,97";"0,00";
"09/2019";"26000 - Ministério da Educação";"26291 - Fundação Coordenação de Aperfeiçoamento de Pessoal de Nível Superior";"154003 - FUND.COORD.DE APERF.DE PESSOAL NIVEL SUPERIOR";"12 - Educação";"00 - NAO ATRIBUIDO";"- 1.023.508,84";"14.244.848,31";"13.772.266,08";"1.370.889,68";
"09/2019";"25000 - Ministério da Economia";"25915 - Fundo Constitucional do Distrito Federal";"170394 - FCDF±SSP±CORPO BOMBEIRO MILITAR DO DF";"28 - Encargos especiais";"00 - NAO ATRIBUIDO";"102.735.403,67";"101.441.054,79";"98.730.350,26";"164.852,04";
"09/2019";"20000 - Presidência da República";"20101 - Presidência da República";"110537 - AGENCIA BRASILEIRA DE INTELIGÊNCIA";"06 - Segurança pública";"00 - NAO ATRIBUIDO";"635.914,00";"1.088.440,25";"1.084.161,44";"0,00";
"09/2019";"25000 - Ministério da Economia";"25915 - Fundo Constitucional do Distrito Federal";"170484 - FCDF-PMDF-DEPARTAMENTO DE GESTÃO DE PESSOAL";"28 - Encargos especiais";"00 - NAO ATRIBUIDO";"214.093.393,06";"214.180.798,08";"209.772.720,74";"307.622,85";
"09/2019";"52000 - Ministério da Defesa";"52000 - Ministério da Defesa - Unidades com vínculo direto";"110404 - DEPARTAMENTO DE ADMINISTRACAO INTERNA-MD";"05 - Defesa nacional";"00 - NAO ATRIBUIDO";"717.896,50";"6.047.111,46";"6.044.645,55";"3.343,04";
"09/2019";"26000 - Ministério da Educação";"26271 - Fundação Universidade de Brasília";"154040 - FUNDACAO UNIVERSIDADE DE BRASILIA - FUB";"02 - Judiciária";"00 - NAO ATRIBUIDO";"40.050,00";"476.528,29";"836.528,29";"0,00";
"09/2019";"26000 - Ministério da Educação";"26271 - Fundação Universidade de Brasília";"154040 - FUNDACAO UNIVERSIDADE DE BRASILIA - FUB";"09 - Previdência social";"00 - NAO ATRIBUIDO";"0,00";"35.366.612,26";"35.318.782,25";"0,00";
"09/2019";"26000 - Ministério da Educação";"26290 - Instituto Nacional de Estudos e Pesquisas Educacionais Anísio Teixeira";"153978 - INST.NACIONAL DE EST.E PESQUISAS EDUCACIONAIS";"12 - Educação";"00 - NAO ATRIBUIDO";"7.253.663,06";"14.279.587,48";"14.350.022,57";"7.019,45";
"09/2019";"26000 - Ministério da Educação";"26271 - Fundação Universidade de Brasília";"154040 - FUNDACAO UNIVERSIDADE DE BRASILIA - FUB";"12 - Educação";"00 - NAO ATRIBUIDO";"15.949.631,95";"103.777.826,15";"103.663.642,58";"2.318.491,48";
"09/2019";"26000 - Ministério da Educação";"26428 - Instituto Federal de Brasília";"158143 - IFB - REITORIA - BRASÍLIA-DF";"12 - Educação";"00 - NAO ATRIBUIDO";"15.224.065,18";"15.283.388,99";"15.474.736,63";"736.397,71";
"09/2019";"26000 - Ministério da Educação";"26428 - Instituto Federal de Brasília";"158501 - IFB - CAMPUS PLANALTINA";"12 - Educação";"00 - NAO ATRIBUIDO";"588.847,91";"447.309,58";"313.454,93";"26.650,62";
"09/2019";"30000 - Ministério da Justiça e Segurança Pública";"30000 - Ministério da Justiça e Segurança Pública - Unidades com vínculo direto";"200006 - COORDENACAO-GERAL DE GESTÃO DE PESSOAS-CGGP";"06 - Segurança pública";"00 - NAO ATRIBUIDO";"- 1.491.280,28";"5.376.884,17";"5.586.412,76";"0,00";
"09/2019";"26000 - Ministério da Educação";"26428 - Instituto Federal de Brasília";"152145 - IFB - CAMPUS CEILÂNDIA";"12 - Educação";"00 - NAO ATRIBUIDO";"113.376,13";"202.146,63";"123.268,93";"124.870,55";
"09/2019";"24000 - Ministério da Ciência, Tecnologia, Inovações e Comunicações";"20402 - Agência Espacial Brasileira";"203001 - AGENCIA ESPACIAL BRASILEIRA/AEB";"19 - Ciência e Tecnologia";"00 - NAO ATRIBUIDO";"23.000,00";"1.066.608,05";"1.107.274,36";"0,00";
"09/2019";"32000 - Ministério de Minas e Energia";"32000 - Ministério de Minas e Energia - Unidades com vínculo direto";"320005 - COORD.GERAL DE RECURSOS HUMANOS/M.M.E";"09 - Previdência social";"00 - NAO ATRIBUIDO";"0,00";"7.550.583,10";"7.566.736,10";"0,00";
"09/2019";"26000 - Ministério da Educação";"26428 - Instituto Federal de Brasília";"152144 - IFB - CAMPUS SÃO SEBASTIÃO";"12 - Educação";"00 - NAO ATRIBUIDO";"- 4.826,16";"188.546,15";"149.257,62";"0,00";
